date,eody_daily,covid19_update_greek_gov,measures_monitoring_nta,covid19_observatory,clipping_clipnews
05/11/2021,https://eody.gov.gr/wp-content/uploads/2021/11/covid-gr-daily-report-20211105.pdf,,,,https://www.clipnews.gr/coronavirus-report-05-11-2021-2/
04/11/2021,https://eody.gov.gr/wp-content/uploads/2021/11/covid-gr-daily-report-20211104.pdf,https://www.youtube.com/watch?v=H3hg2ZZDgeU,https://aead.gr/press/press-releases/apotimhsh-elegxwn-covid-19-gia-thn-pempti-04-11-2021,,
03/11/2021,https://eody.gov.gr/wp-content/uploads/2021/11/covid-gr-daily-report-20211103.pdf,,https://aead.gr/press/press-releases/apotimhsh-elegxwn-covid-19-gia-thn-tetarti-03-11-2021,https://covid19.gov.gr/73i-ekthesi-proodou-paratiritiriou/,
02/11/2021,https://eody.gov.gr/wp-content/uploads/2021/11/covid-gr-daily-report-20211102.pdf,,,https://covid19.gov.gr/72i-ekthesi-proodou-paratiritiriou/,
01/11/2021,https://eody.gov.gr/wp-content/uploads/2021/11/covid-gr-daily-report-20211101.pdf,,https://aead.gr/press/press-releases/apotimhsh-elegxwn-covid-19-gia-th-deutera-01-11-2021,,
31/10/2021,https://eody.gov.gr/wp-content/uploads/2021/10/covid-gr-daily-report-20211031.pdf,,https://aead.gr/press/press-releases/apotimhsh-elegxwn-covid-19-gia-to-diastima-29-31-10-2021,,
30/10/2021,https://eody.gov.gr/wp-content/uploads/2021/10/covid-gr-daily-report-20211030.pdf,,,,
29/10/2021,https://eody.gov.gr/wp-content/uploads/2021/10/covid-gr-daily-report-20211029.pdf,,,,https://www.clipnews.gr/coronavirus-report-29-10-2021/
28/10/2021,https://eody.gov.gr/wp-content/uploads/2021/10/covid-gr-daily-report-20211028.pdf,,https://aead.gr/press/press-releases/apotimhsh-elegxwn-covid-19-gia-to-diastima-27-28-10-2021,,
27/10/2021,https://eody.gov.gr/wp-content/uploads/2021/10/covid-gr-daily-report-20211027.pdf,,,,
26/10/2021,https://eody.gov.gr/wp-content/uploads/2021/10/covid-gr-daily-report-20211026.pdf,,https://aead.gr/press/press-releases/apotimhsh-elegxwn-covid-19-gia-thn-triti-26-10-2021,,
25/10/2021,https://eody.gov.gr/wp-content/uploads/2021/10/covid-gr-daily-report-20211025.pdf,,https://aead.gr/press/press-releases/apotimhsh-elegxwn-covid-19-gia-th-deutera-25-10-2021,,
24/10/2021,https://eody.gov.gr/wp-content/uploads/2021/10/covid-gr-daily-report-20211024.pdf,,https://aead.gr/press/press-releases/apotimhsh-elegxwn-covid-19-gia-to-diastima-22-24-10-2021,,
23/10/2021,https://eody.gov.gr/wp-content/uploads/2021/10/covid-gr-daily-report-20211023.pdf,,,,
22/10/2021,https://eody.gov.gr/wp-content/uploads/2021/10/covid-gr-daily-report-20211022.pdf,,,https://covid19.gov.gr/71i-ekthesi-proodou-paratiritiriou/,https://www.clipnews.gr/coronavirus-report-22-10-2021-2/
21/10/2021,https://eody.gov.gr/wp-content/uploads/2021/10/covid-gr-daily-report-20211021.pdf,https://www.youtube.com/watch?v=4lQV1fPUVMs,https://aead.gr/press/press-releases/apotimhsh-elegxwn-covid-19-gia-thn-pempti-21-10-2021,,
20/10/2021,https://eody.gov.gr/wp-content/uploads/2021/10/covid-gr-daily-report-20211020.pdf,,https://aead.gr/press/press-releases/apotimhsh-elegxwn-covid-19-gia-thn-tetarti-20-10-2021,,
19/10/2021,https://eody.gov.gr/wp-content/uploads/2021/10/covid-gr-daily-report-20211019.pdf,,https://aead.gr/genika/apotimhsh-elegxwn-covid-19-gia-thn-triti-19-10-2021,,
18/10/2021,https://eody.gov.gr/wp-content/uploads/2021/10/covid-gr-daily-report-20211018.pdf,,https://aead.gr/press/press-releases/apotimhsh-elegxwn-covid-19-gia-th-deutera-18-10-2021,https://covid19.gov.gr/70i-ekthesi-proodou-paratiritiriou/,
17/10/2021,https://eody.gov.gr/wp-content/uploads/2021/10/covid-gr-daily-report-20211017.pdf,,,,
16/10/2021,https://eody.gov.gr/wp-content/uploads/2021/10/covid-gr-daily-report-20211016.pdf,,,,
15/10/2021,https://eody.gov.gr/wp-content/uploads/2021/10/covid-gr-daily-report-20211015.pdf,,https://aead.gr/press/press-releases/apotimhsh-elegxwn-covid-19-gia-to-diastima-15-17-10-2021,,https://www.clipnews.gr/coronavirus-report-15-10-2021/
14/10/2021,https://eody.gov.gr/wp-content/uploads/2021/10/covid-gr-daily-report-20211014.pdf,,https://aead.gr/press/press-releases/apotimhsh-elegxwn-covid-19-gia-thn-pempti-14-10-2021,,
13/10/2021,https://eody.gov.gr/wp-content/uploads/2021/10/covid-gr-daily-report-20211013.pdf,,https://aead.gr/press/press-releases/apotimhsh-elegxwn-covid-19-gia-thn-tetarti-13-10-2021,,
12/10/2021,https://eody.gov.gr/wp-content/uploads/2021/10/covid-gr-daily-report-20211012.pdf,,https://aead.gr/press/press-releases/apotimhsh-elegxwn-covid-19-gia-thn-triti-12-10-2021,,
11/10/2021,https://eody.gov.gr/wp-content/uploads/2021/10/covid-gr-daily-report-20211011.pdf,,https://aead.gr/press/press-releases/apotimhsh-elegxwn-covid-19-gia-th-deutera-11-10-2021,https://covid19.gov.gr/69i-ekthesi-proodou-paratiritiriou/,
10/10/2021,https://eody.gov.gr/wp-content/uploads/2021/10/covid-gr-daily-report-20211010.pdf,,https://aead.gr/press/press-releases/apotimhsh-elegxwn-covid-19-gia-to-diastima-08-10-10-2021,,
09/10/2021,https://eody.gov.gr/wp-content/uploads/2021/10/covid-gr-daily-report-20211009.pdf,,,,
08/10/2021,https://eody.gov.gr/wp-content/uploads/2021/10/covid-gr-daily-report-20211008.pdf,,,,https://www.clipnews.gr/coronavirus-report-08-10-2021-2/
07/10/2021,https://eody.gov.gr/wp-content/uploads/2021/10/covid-gr-daily-report-20211007.pdf,https://www.youtube.com/watch?v=9lbBYAIyyB0,https://aead.gr/press/press-releases/apotimhsh-elegxwn-covid-19-gia-thn-pempti-07-10-2021,,
06/10/2021,https://eody.gov.gr/wp-content/uploads/2021/10/covid-gr-daily-report-20211006.pdf,,https://aead.gr/press/press-releases/apotimhsh-elegxwn-covid-19-gia-thn-tetarti-06-10-2021,,
05/10/2021,https://eody.gov.gr/wp-content/uploads/2021/10/covid-gr-daily-report-20211005.pdf,,https://aead.gr/press/press-releases/apotimhsh-elegxwn-covid-19-gia-thn-triti-05-10-2021,,
04/10/2021,https://eody.gov.gr/wp-content/uploads/2021/10/covid-gr-daily-report-20211004.pdf,,https://aead.gr/press/press-releases/apotimhsh-elegxwn-covid-19-gia-th-deutera-04-10-2021,,
03/10/2021,https://eody.gov.gr/wp-content/uploads/2021/10/covid-gr-daily-report-20211003.pdf,,https://aead.gr/press/press-releases/apotimhsh-elegxwn-covid-19-gia-to-diastima-01-03-10-2021,,
02/10/2021,https://eody.gov.gr/wp-content/uploads/2021/10/covid-gr-daily-report-20211002.pdf,,,,
01/10/2021,https://eody.gov.gr/wp-content/uploads/2021/10/covid-gr-daily-report-20211001.pdf,,,https://covid19.gov.gr/68i-ekthesi-proodou-paratiritiriou/,https://www.clipnews.gr/coronavirus-report-01-10-2021/
30/09/2021,https://eody.gov.gr/wp-content/uploads/2021/09/covid-gr-daily-report-20210930.pdf,https://www.youtube.com/watch?v=Z3MRZg54opQ,https://aead.gr/press/press-releases/apotimhsh-elegxwn-covid-19-gia-thn-pempti-30-09-2021,,
29/09/2021,https://eody.gov.gr/wp-content/uploads/2021/09/covid-gr-daily-report-20210929.pdf,,https://aead.gr/press/press-releases/apotimhsh-elegxwn-covid-19-gia-thn-tetarti-29-09-2021,,
28/09/2021,https://eody.gov.gr/wp-content/uploads/2021/09/covid-gr-daily-report-20210928.pdf,,https://aead.gr/press/press-releases/apotimhsh-elegxwn-covid-19-gia-thn-triti-28-09-2021,,
27/09/2021,https://eody.gov.gr/wp-content/uploads/2021/09/covid-gr-daily-report-20210927.pdf,,https://aead.gr/press/press-releases/apotimhsh-elegxwn-covid-19-gia-th-deutera-27-09-2021,,
26/09/2021,https://eody.gov.gr/wp-content/uploads/2021/09/covid-gr-daily-report-20210926.pdf,,https://aead.gr/press/press-releases/apotimhsh-elegxwn-covid-19-gia-to-diastima-24-26-09-2021,,
25/09/2021,https://eody.gov.gr/wp-content/uploads/2021/09/covid-gr-daily-report-20210925.pdf,,,,
24/09/2021,https://eody.gov.gr/wp-content/uploads/2021/09/covid-gr-daily-report-20210924.pdf,,,,https://www.clipnews.gr/coronavirus-report-24-09-2021-2/
23/09/2021,https://eody.gov.gr/wp-content/uploads/2021/09/covid-gr-daily-report-20210923.pdf,https://www.youtube.com/watch?v=NmCz0BpspUE,https://aead.gr/press/press-releases/apotimhsh-elegxwn-covid-19-gia-thn-pempti-23-09-2021,,
22/09/2021,https://eody.gov.gr/wp-content/uploads/2021/09/covid-gr-daily-report-202109222.pdf,,https://aead.gr/press/press-releases/apotimhsh-elegxwn-covid-19-gia-thn-tetarti-22-09-2021,,
21/09/2021,https://eody.gov.gr/wp-content/uploads/2021/09/covid-gr-daily-report-20210921.pdf,,https://aead.gr/press/press-releases/apotimhsh-elegxwn-covid-19-gia-thn-triti-21-09-2021,,
20/09/2021,https://eody.gov.gr/wp-content/uploads/2021/09/covid-gr-daily-report-20210920.pdf,,https://aead.gr/press/press-releases/apotimhsh-elegxwn-covid-19-gia-th-deutera-20-09-2021,https://covid19.gov.gr/67i-ekthesi-proodou-paratiritiriou/,
19/09/2021,https://eody.gov.gr/wp-content/uploads/2021/09/covid-gr-daily-report-20210919.pdf,,https://aead.gr/press/press-releases/apotimhsh-elegxwn-covid-19-gia-to-diastima-17-19-09-2021,,
18/09/2021,https://eody.gov.gr/wp-content/uploads/2021/09/covid-gr-daily-report-20210918.pdf,,,,
17/09/2021,https://eody.gov.gr/wp-content/uploads/2021/09/covid-gr-daily-report-20210917.pdf,,,,https://www.clipnews.gr/coronavirus-report-17-09-2021/
16/09/2021,https://eody.gov.gr/wp-content/uploads/2021/09/covid-gr-daily-report-20210916.pdf,https://www.youtube.com/watch?v=lshntcb9AI0,https://aead.gr/press/press-releases/apotimhsh-elegxwn-covid-19-gia-thn-pempti-16-09-2021,,
15/09/2021,https://eody.gov.gr/wp-content/uploads/2021/09/covid-gr-daily-report-20210915.pdf,,https://aead.gr/press/press-releases/apotimhsh-elegxwn-covid-19-gia-thn-tetarti-15-09-2021,,
14/09/2021,https://eody.gov.gr/wp-content/uploads/2021/09/covid-gr-daily-report-20210914.pdf,,https://aead.gr/press/press-releases/apotimhsh-elegxwn-covid-19-gia-thn-triti-14-09-2021,,
13/09/2021,https://eody.gov.gr/wp-content/uploads/2021/09/covid-gr-daily-report-20210913.pdf,,https://aead.gr/press/press-releases/apotimhsh-elegxwn-covid-19-gia-th-deutera-13-09-2021,https://covid19.gov.gr/66i-ekthesi-proodou-paratiritiriou/,
12/09/2021,https://eody.gov.gr/wp-content/uploads/2021/09/covid-gr-daily-report-20210912.pdf,,https://aead.gr/press/press-releases/apotimhsh-elegxwn-covid-19-gia-to-diastima-10-12-09-2021,,
11/09/2021,https://eody.gov.gr/wp-content/uploads/2021/09/covid-gr-daily-report-20210911.pdf,,,,
10/09/2021,https://eody.gov.gr/wp-content/uploads/2021/09/covid-gr-daily-report-20210910.pdf,,,,https://www.clipnews.gr/coronavirus-report-03-09-2021/
09/09/2021,https://eody.gov.gr/wp-content/uploads/2021/09/covid-gr-daily-report-20210909.pdf,https://www.youtube.com/watch?v=X_DafkmcjaU,https://aead.gr/press/press-releases/apotimhsh-elegxwn-covid-19-gia-thn-pempti-09-09-2021,,
08/09/2021,https://eody.gov.gr/wp-content/uploads/2021/09/covid-gr-daily-report-20210908.pdf,,https://aead.gr/press/press-releases/apotimhsh-elegxwn-covid-19-gia-thn-tetarti-08-09-2021,https://covid19.gov.gr/65i-ekthesi-proodou-paratiritiriou/,
07/09/2021,https://eody.gov.gr/wp-content/uploads/2021/09/covid-gr-daily-report-20210907.pdf,,https://aead.gr/press/press-releases/apotimhsh-elegxwn-covid-19-gia-thn-triti-07-09-2021,,
06/09/2021,https://eody.gov.gr/wp-content/uploads/2021/09/covid-gr-daily-report-20210906.pdf,,https://aead.gr/press/press-releases/apotimhsh-elegxwn-covid-19-gia-th-deutera-06-09-2021,,
05/09/2021,https://eody.gov.gr/wp-content/uploads/2021/09/covid-gr-daily-report-20210905.pdf,,https://aead.gr/press/press-releases/apotimhsh-elegxwn-covid-19-gia-to-diastima-03-05-09-2021,,
04/09/2021,https://eody.gov.gr/wp-content/uploads/2021/09/covid-gr-daily-report-20210904.pdf,,,,
03/09/2021,https://eody.gov.gr/wp-content/uploads/2021/09/covid-gr-daily-report-20210903.pdf,,,,https://www.clipnews.gr/coronavirus-report-03-09-2021/
02/09/2021,https://eody.gov.gr/wp-content/uploads/2021/09/covid-gr-daily-report-20210902.pdf,https://www.youtube.com/watch?v=bRIu-IQSnCk,https://aead.gr/press/press-releases/apotimhsh-elegxwn-covid-19-gia-thn-pempti-02-09-2021,,
01/09/2021,https://eody.gov.gr/wp-content/uploads/2021/09/covid-gr-daily-report-20210901.pdf,,https://aead.gr/press/press-releases/apotimhsh-elegxwn-covid-19-gia-thn-tetarti-01-09-2021,,
31/08/2021,https://eody.gov.gr/wp-content/uploads/2021/08/covid-gr-daily-report-20210831.pdf,,https://aead.gr/press/press-releases/apotimhsh-elegxwn-covid-19-gia-thn-triti-31-08-2021,https://covid19.gov.gr/64i-ekthesi-proodou-paratiritiriou/,
30/08/2021,https://eody.gov.gr/wp-content/uploads/2021/08/covid-gr-daily-report-20210830.pdf,,https://aead.gr/press/press-releases/apotimhsh-elegxwn-covid-19-gia-th-deutera-30-08-2021,,
29/08/2021,https://eody.gov.gr/wp-content/uploads/2021/08/covid-gr-daily-report-20210829.pdf,,https://aead.gr/press/press-releases/apotimhsh-elegxwn-covid-19-gia-to-diastima-27-29-08-2021,,
28/08/2021,https://eody.gov.gr/wp-content/uploads/2021/08/covid-gr-daily-report-20210828.pdf,,,,
27/08/2021,https://eody.gov.gr/wp-content/uploads/2021/08/covid-gr-daily-report-20210827.pdf,,,,
26/08/2021,https://eody.gov.gr/wp-content/uploads/2021/08/covid-gr-daily-report-20210826.pdf,https://www.youtube.com/watch?v=XL0JquvXnFA,https://aead.gr/press/press-releases/apotimhsh-elegxwn-covid-19-gia-thn-pempti-26-08-2021,,
25/08/2021,https://eody.gov.gr/wp-content/uploads/2021/08/covid-gr-daily-report-20210825.pdf,,https://aead.gr/press/press-releases/apotimhsh-elegxwn-covid-19-gia-thn-tetarti-25-08-2021,,
24/08/2021,https://eody.gov.gr/wp-content/uploads/2021/08/covid-gr-daily-report-20210824.pdf,,https://aead.gr/press/press-releases/apotimhsh-elegxwn-covid-19-gia-thn-triti-24-08-2021,https://covid19.gov.gr/63i-ekthesi-proodou-paratiritiriou/,
23/08/2021,https://eody.gov.gr/wp-content/uploads/2021/08/covid-gr-daily-report-20210823.pdf,,https://aead.gr/press/press-releases/apotimhsh-elegxwn-covid-19-gia-th-deutera-23-08-2021,,
22/08/2021,https://eody.gov.gr/wp-content/uploads/2021/08/covid-gr-daily-report-20210822.pdf,,https://aead.gr/press/press-releases/apotimhsh-elegxwn-covid-19-gia-to-diastima-20-22-08-2021,,
21/08/2021,https://eody.gov.gr/wp-content/uploads/2021/08/covid-gr-daily-report-20210821.pdf,,,,
20/08/2021,https://eody.gov.gr/wp-content/uploads/2021/08/covid-gr-daily-report-20210820.pdf,,,,https://www.clipnews.gr/coronavirus-report-20-08-2021/
19/08/2021,https://eody.gov.gr/wp-content/uploads/2021/08/covid-gr-daily-report-20210819.pdf,,https://aead.gr/press/press-releases/apotimhsh-elegxwn-covid-19-gia-thn-pempti-19-08-2021,https://covid19.gov.gr/62i-ekthesi-proodou-paratiritiriou/,
18/08/2021,https://eody.gov.gr/wp-content/uploads/2021/08/covid-gr-daily-report-20210818.pdf,,https://aead.gr/press/press-releases/apotimhsh-elegxwn-covid-19-gia-thn-tetarti-18-08-2021,,
17/08/2021,https://eody.gov.gr/wp-content/uploads/2021/08/covid-gr-daily-report-20210817.pdf,,https://aead.gr/press/press-releases/apotimhsh-elegxwn-covid-19-gia-thn-triti-17-08-2021,,
16/08/2021,https://eody.gov.gr/wp-content/uploads/2021/08/covid-gr-daily-report-20210816.pdf,,https://aead.gr/press/press-releases/apotimhsh-elegxwn-covid-19-gia-th-deutera-16-08-2021,,
15/08/2021,https://eody.gov.gr/wp-content/uploads/2021/08/covid-gr-daily-report-20210815.pdf,,https://aead.gr/press/press-releases/apotimhsh-elegxwn-covid-19-gia-to-diastima-13-15-08-2021,,
14/08/2021,https://eody.gov.gr/wp-content/uploads/2021/08/covid-gr-daily-report-20210814.pdf,,,,
13/08/2021,https://eody.gov.gr/wp-content/uploads/2021/08/covid-gr-daily-report-20210813.pdf,,,,
12/08/2021,https://eody.gov.gr/wp-content/uploads/2021/08/covid-gr-daily-report-20210812.pdf,,https://aead.gr/press/press-releases/apotimhsh-elegxwn-covid-19-gia-thn-pempti-12-08-2021,,
11/08/2021,https://eody.gov.gr/wp-content/uploads/2021/08/covid-gr-daily-report-20210811.pdf,,https://aead.gr/press/press-releases/apotimhsh-elegxwn-covid-19-gia-thn-tetarti-11-08-2021,,
10/08/2021,https://eody.gov.gr/wp-content/uploads/2021/08/covid-gr-daily-report-20210810.pdf,,https://aead.gr/press/press-releases/apotimhsh-elegxwn-covid-19-gia-thn-triti-10-08-2021,https://covid19.gov.gr/61i-ekthesi-proodou-paratiritiriou/,
09/08/2021,https://eody.gov.gr/wp-content/uploads/2021/08/covid-gr-daily-report-20210809.pdf,,https://aead.gr/press/press-releases/apotimhsh-elegxwn-covid-19-gia-th-deutera-09-08-2021,,
08/08/2021,https://eody.gov.gr/wp-content/uploads/2021/08/covid-gr-daily-report-20210808.pdf,,https://aead.gr/press/press-releases/apotimhsh-elegxwn-covid-19-gia-to-diastima-06-08-08-2021,,
07/08/2021,https://eody.gov.gr/wp-content/uploads/2021/08/covid-gr-daily-report-20210807.pdf,,,,
06/08/2021,https://eody.gov.gr/wp-content/uploads/2021/08/covid-gr-daily-report-20210806.pdf,,,,https://www.clipnews.gr/coronavirus-report-06-08-2021-2/
05/08/2021,https://eody.gov.gr/wp-content/uploads/2021/08/covid-gr-daily-report-20210805.pdf,https://www.youtube.com/watch?v=GvEh95mUN4c,https://aead.gr/press/press-releases/apotimhsh-elegxwn-covid-19-gia-thn-pempti-05-08-2021,,
04/08/2021,https://eody.gov.gr/wp-content/uploads/2021/08/covid-gr-daily-report-20210804.pdf,,https://aead.gr/press/press-releases/apotimhsh-elegxwn-covid-19-gia-thn-tetarti-04-08-2021,,
03/08/2021,https://eody.gov.gr/wp-content/uploads/2021/08/covid-gr-daily-report-20210803.pdf,,https://aead.gr/press/press-releases/apotimhsh-elegxwn-covid-19-gia-thn-triti-03-08-2021,https://covid19.gov.gr/60i-ekthesi-proodou-paratiritiriou/,
02/08/2021,https://eody.gov.gr/wp-content/uploads/2021/08/covid-gr-daily-report-20210802.pdf,,,https://covid19.gov.gr/59i-ekthesi-proodou-paratiritiriou/,
01/08/2021,https://eody.gov.gr/wp-content/uploads/2021/08/covid-gr-daily-report-20210801.pdf,,,,
31/07/2021,https://eody.gov.gr/wp-content/uploads/2021/07/covid-gr-daily-report-20210731.pdf,,,,
30/07/2021,https://eody.gov.gr/wp-content/uploads/2021/07/covid-gr-daily-report-20210730.pdf,,,,https://www.clipnews.gr/coronavirus-report-30-07-2021/
29/07/2021,https://eody.gov.gr/wp-content/uploads/2021/07/covid-gr-daily-report-20210729.pdf,https://www.youtube.com/watch?v=r0iyNSHaI2E,https://aead.gr/press/press-releases/apotimhsh-elegxwn-covid-19-gia-thn-pempti-29-07-2021,,
28/07/2021,https://eody.gov.gr/wp-content/uploads/2021/07/covid-gr-daily-report-20210728.pdf,,https://aead.gr/press/press-releases/apotimhsh-elegxwn-covid-19-gia-thn-tetarti-28-07-2021,,
27/07/2021,https://eody.gov.gr/wp-content/uploads/2021/07/covid-gr-daily-report-20210727.pdf,,https://aead.gr/press/press-releases/apotimhsh-elegxwn-covid-19-gia-thn-triti-27-07-2021,,
26/07/2021,https://eody.gov.gr/wp-content/uploads/2021/07/covid-gr-daily-report-20210726.pdf,,https://aead.gr/press/press-releases/apotimhsh-elegxwn-covid-19-gia-th-deutera-26-07-2021,,
25/07/2021,https://eody.gov.gr/wp-content/uploads/2021/07/covid-gr-daily-report-20210725.pdf,,https://aead.gr/press/press-releases/apotimhsh-elegxwn-covid-19-gia-to-diastima-23-25-07-2021,,
24/07/2021,https://eody.gov.gr/wp-content/uploads/2021/07/covid-gr-daily-report-20210724.pdf,,,,
23/07/2021,https://eody.gov.gr/wp-content/uploads/2021/07/covid-gr-daily-report-20210723.pdf,,,https://covid19.gov.gr/58i-ekthesi-proodou-paratiritiriou/,https://www.clipnews.gr/coronavirus-report-23-07-2021-2/
22/07/2021,https://eody.gov.gr/wp-content/uploads/2021/07/covid-gr-daily-report-20210722.pdf,https://www.youtube.com/watch?v=r0iyNSHaI2E,https://aead.gr/press/press-releases/apotimhsh-elegxwn-covid-19-gia-thn-pempti-22-07-2021,,
21/07/2021,https://eody.gov.gr/wp-content/uploads/2021/07/covid-gr-daily-report-20210721.pdf,,https://aead.gr/press/press-releases/apotimhsh-elegxwn-covid-19-gia-thn-tetarti-21-07-2021,,
20/07/2021,https://eody.gov.gr/wp-content/uploads/2021/07/covid-gr-daily-report-20210720.pdf,,https://aead.gr/press/press-releases/apotimhsh-elegxwn-covid-19-gia-thn-triti-20-07-2021,,
19/07/2021,https://eody.gov.gr/wp-content/uploads/2021/07/covid-gr-daily-report-20210719.pdf,,https://aead.gr/press/press-releases/apotimhsh-elegxwn-covid-19-gia-th-deutera-19-07-2021,,
18/07/2021,https://eody.gov.gr/wp-content/uploads/2021/07/covid-gr-daily-report-20210718.pdf,,https://aead.gr/press/press-releases/apotimhsh-elegxwn-covid-19-gia-to-diastima-16-18-07-2021,,
17/07/2021,https://eody.gov.gr/wp-content/uploads/2021/07/covid-gr-daily-report-20210717.pdf,,,,
16/07/2021,https://eody.gov.gr/wp-content/uploads/2021/07/covid-gr-daily-report-20210716.pdf,,,,https://www.clipnews.gr/coronavirus-report-16-07-2021/
15/07/2021,https://eody.gov.gr/wp-content/uploads/2021/07/covid-gr-daily-report-20210715.pdf,https://www.youtube.com/watch?v=r0iyNSHaI2E,https://aead.gr/press/press-releases/apotimhsh-elegxwn-covid-19-gia-thn-pempti-15-07-2021,,
14/07/2021,https://eody.gov.gr/wp-content/uploads/2021/07/covid-gr-daily-report-20210714.pdf,,https://aead.gr/press/press-releases/apotimhsh-elegxwn-covid-19-gia-thn-tetarti-14-07-2021,https://covid19.gov.gr/57i-ekthesi-proodou-paratiritiriou/,
13/07/2021,https://eody.gov.gr/wp-content/uploads/2021/07/covid-gr-daily-report-20210713.pdf,,https://aead.gr/press/press-releases/apotimhsh-elegxwn-covid-19-gia-thn-triti-13-07-2021,,
12/07/2021,https://eody.gov.gr/wp-content/uploads/2021/07/covid-gr-daily-report-20210712.pdf,,https://aead.gr/press/press-releases/apotimhsh-elegxwn-covid-19-gia-th-deutera-12-07-2021,,
11/07/2021,https://eody.gov.gr/wp-content/uploads/2021/07/covid-gr-daily-report-20210711.pdf,,https://aead.gr/press/press-releases/apotimhsh-elegxwn-covid-19-gia-to-diastima-09-11-07-2021,,
10/07/2021,https://eody.gov.gr/wp-content/uploads/2021/07/covid-gr-daily-report-20210710.pdf,,,,
09/07/2021,https://eody.gov.gr/wp-content/uploads/2021/07/covid-gr-daily-report-20210709.pdf,,,,https://www.clipnews.gr/coronavirus-report-09-07-2021/
08/07/2021,https://eody.gov.gr/wp-content/uploads/2021/07/covid-gr-daily-report-20210708.pdf,https://www.youtube.com/watch?v=nZu3khDJ_lk,https://aead.gr/press/press-releases/apotimhsh-elegxwn-covid-19-gia-thn-pempti-08-07-2021,https://covid19.gov.gr/56i-ekthesi-proodou-paratiritiriou/,
07/07/2021,https://eody.gov.gr/wp-content/uploads/2021/07/covid-gr-daily-report-20210707.pdf,,https://aead.gr/press/press-releases/apotimhsh-elegxwn-covid-19-gia-thn-tetarti-07-07-2021,,
06/07/2021,https://eody.gov.gr/wp-content/uploads/2021/07/covid-gr-daily-report-20210706.pdf,https://www.youtube.com/watch?v=JGuG3AGLJ2Y,https://aead.gr/press/press-releases/apotimhsh-elegxwn-covid-19-gia-thn-triti-06-07-2021,https://covid19.gov.gr/pliroforisi-gia-tin-efarmogi-ton-metron-prostasias-tis-dimosias-ygeias-kai-ti-leitourgia-tis-oikonomias/,
05/07/2021,https://eody.gov.gr/wp-content/uploads/2021/07/covid-gr-daily-report-20210705.pdf,,https://aead.gr/press/press-releases/apotimhsh-elegxwn-covid-19-gia-th-deutera-05-07-2021,,
04/07/2021,https://eody.gov.gr/wp-content/uploads/2021/07/covid-gr-daily-report-20210704.pdf,,https://aead.gr/press/press-releases/apotimhsh-elegxwn-covid-19-gia-to-diastima-02-04-07-2021,,
03/07/2021,https://eody.gov.gr/wp-content/uploads/2021/07/covid-gr-daily-report-20210703.pdf,,,,
02/07/2021,https://eody.gov.gr/wp-content/uploads/2021/07/covid-gr-daily-report-20210702.pdf,,,,https://www.clipnews.gr/coronavirus-report-02-07-2021/
01/07/2021,https://eody.gov.gr/wp-content/uploads/2021/07/covid-gr-daily-report-20210701.pdf,https://www.youtube.com/watch?v=GATrOtgByOg,https://aead.gr/press/press-releases/apotimhsh-elegxwn-covid-19-gia-thn-pempti-01-07-2021,,
30/06/2021,https://eody.gov.gr/wp-content/uploads/2021/06/covid-gr-daily-report-20210630.pdf,,https://aead.gr/press/press-releases/apotimhsh-elegxwn-covid-19-gia-thn-tetarti-30-06-2021,,
29/06/2021,https://eody.gov.gr/wp-content/uploads/2021/06/covid-gr-daily-report-20210629.pdf,,https://aead.gr/press/press-releases/apotimhsh-elegxwn-covid-19-gia-thn-triti-29-06-2021,,
28/06/2021,https://eody.gov.gr/wp-content/uploads/2021/06/covid-gr-daily-report-20210628.pdf,,https://aead.gr/press/press-releases/apotimhsh-elegxwn-covid-19-gia-th-deutera-28-06-2021,,
27/06/2021,https://eody.gov.gr/wp-content/uploads/2021/06/covid-gr-daily-report-20210627.pdf,,https://aead.gr/press/press-releases/apotimhsh-elegxwn-covid-19-gia-to-diastima-25-27-06-2021,,
26/06/2021,https://eody.gov.gr/wp-content/uploads/2021/06/covid-gr-daily-report-20210626.pdf,,,,
25/06/2021,https://eody.gov.gr/wp-content/uploads/2021/06/covid-gr-daily-report-20210625.pdf,,,,https://www.clipnews.gr/coronavirus-report-25-06-2021/
24/06/2021,https://eody.gov.gr/wp-content/uploads/2021/06/covid-gr-daily-report-20210624.pdf,,https://aead.gr/press/press-releases/apotimhsh-elegxwn-covid-19-gia-thn-pempti-24-06-2021,,
23/06/2021,https://eody.gov.gr/wp-content/uploads/2021/06/covid-gr-daily-report-20210623.pdf,https://www.youtube.com/watch?v=n9Y4rCJOwbI,https://aead.gr/press/press-releases/apotimhsh-elegxwn-covid-19-gia-thn-tetarti-23-06-2021,https://covid19.gov.gr/54i-ekthesi-proodou-paratiritiriou/,
22/06/2021,https://eody.gov.gr/wp-content/uploads/2021/06/covid-gr-daily-report-20210622.pdf,,https://aead.gr/press/press-releases/apotimhsh-elegxwn-covid-19-gia-thn-triti-22-06-2021,,
21/06/2021,https://eody.gov.gr/wp-content/uploads/2021/06/covid-gr-daily-report-20210621.pdf,,https://aead.gr/press/press-releases/apotimhsh-elegxwn-covid-19-gia-to-diastima-18-21-06-2021,,
20/06/2021,https://eody.gov.gr/wp-content/uploads/2021/06/covid-gr-daily-report-20210620.pdf,,,,
19/06/2021,https://eody.gov.gr/wp-content/uploads/2021/06/covid-gr-daily-report-20210619.pdf,,,,
18/06/2021,https://eody.gov.gr/wp-content/uploads/2021/06/covid-gr-daily-report-20210618.pdf,,,,https://www.clipnews.gr/coronavirus-report-18-06-2021-2/
17/06/2021,https://eody.gov.gr/wp-content/uploads/2021/06/covid-gr-daily-report-20210617.pdf,https://www.youtube.com/watch?v=OF-v-hvydDI,https://aead.gr/press/press-releases/apotimhsh-elegxwn-covid-19-gia-thn-pempti-17-06-2021,,
16/06/2021,https://eody.gov.gr/wp-content/uploads/2021/06/covid-gr-daily-report-20210616.pdf,,https://aead.gr/press/press-releases/apotimhsh-elegxwn-covid-19-gia-thn-tetarti-16-06-2021,,
15/06/2021,https://eody.gov.gr/wp-content/uploads/2021/06/covid-gr-daily-report-20210615.pdf,,https://aead.gr/press/press-releases/apotimhsh-elegxwn-covid-19-gia-thn-triti-15-06-2021,,
14/06/2021,https://eody.gov.gr/wp-content/uploads/2021/06/covid-gr-daily-report-20210614.pdf,,https://aead.gr/press/press-releases/apotimhsh-elegxwn-covid-19-gia-th-deutera-14-06-2021,https://covid19.gov.gr/53i-ekthesi-proodou-paratiritiriou/,
13/06/2021,https://eody.gov.gr/wp-content/uploads/2021/06/covid-gr-daily-report-20210613.pdf,,https://aead.gr/press/press-releases/apotimhsh-elegxwn-covid-19-gia-to-diastima-11-13-06-2021,,
12/06/2021,https://eody.gov.gr/wp-content/uploads/2021/06/covid-gr-daily-report-20210612.pdf,,,,
11/06/2021,https://eody.gov.gr/wp-content/uploads/2021/06/covid-gr-daily-report-20210611.pdf,https://www.youtube.com/watch?v=gHK6N7FsVxA,,,https://www.clipnews.gr/coronavirus-report-11-06-2021/
10/06/2021,https://eody.gov.gr/wp-content/uploads/2021/06/covid-gr-daily-report-20210610.pdf,,https://aead.gr/press/press-releases/apotimhsh-elegxwn-covid-19-gia-thn-pempti-10-06-2021,,
09/06/2021,https://eody.gov.gr/wp-content/uploads/2021/06/covid-gr-daily-report-20210609-2.pdf,https://www.youtube.com/watch?v=NgiAb5Cb_JU,https://aead.gr/press/press-releases/apotimhsh-elegxwn-covid-19-gia-thn-tetarti-09-06-2021,,
08/06/2021,https://eody.gov.gr/wp-content/uploads/2021/06/covid-gr-daily-report-20210608.pdf,,https://aead.gr/press/press-releases/apotimhsh-elegxwn-covid-19-gia-thn-triti-08-06-2021,,
07/06/2021,https://eody.gov.gr/wp-content/uploads/2021/06/covid-gr-daily-report-20210607.pdf,,,,
06/06/2021,https://eody.gov.gr/wp-content/uploads/2021/06/covid-gr-daily-report-20210606.pdf,,https://aead.gr/press/press-releases/apotimhsh-elegxwn-covid-19-gia-to-diastima-04-06-06-2021,,
05/06/2021,https://eody.gov.gr/wp-content/uploads/2021/06/covid-gr-daily-report-20210605.pdf,,,,
04/06/2021,https://eody.gov.gr/wp-content/uploads/2021/06/covid-gr-daily-report-20210604.pdf,https://www.youtube.com/watch?v=wJYu-P2FLdA,,https://covid19.gov.gr/52i-ekthesi-proodou-paratiritiriou/,https://www.clipnews.gr/coronavirus-report-04-06-2021/
03/06/2021,https://eody.gov.gr/wp-content/uploads/2021/06/covid-gr-daily-report-20210603.pdf,,,,
02/06/2021,https://eody.gov.gr/wp-content/uploads/2021/06/covid-gr-daily-report-20210602.pdf,https://www.youtube.com/watch?v=GsktCGgCg-s,https://aead.gr/press/press-releases/apotimhsh-elegxwn-covid-19-gia-thn-tetarti-02-06-2021,,
01/06/2021,https://eody.gov.gr/wp-content/uploads/2021/06/covid-gr-daily-report-20210601.pdf,,https://aead.gr/press/press-releases/apotimhsh-elegxwn-covid-19-gia-thn-triti-01-06-2021,,
31/05/2021,https://eody.gov.gr/wp-content/uploads/2021/05/covid-gr-daily-report-20210531.pdf,,https://aead.gr/press/press-releases/apotimhsh-elegxwn-covid-19-gia-th-deutera-31-05-2021,https://covid19.gov.gr/51i-ekthesi-proodou-paratiritiriou/,
30/05/2021,https://eody.gov.gr/wp-content/uploads/2021/05/covid-gr-daily-report-20210530.pdf,,https://aead.gr/press/press-releases/apotimhsh-elegxwn-covid-19-gia-to-diastima-28-30-05-2021,,
29/05/2021,https://eody.gov.gr/wp-content/uploads/2021/05/covid-gr-daily-report-20210529.pdf,,,,
28/05/2021,https://eody.gov.gr/wp-content/uploads/2021/05/covid-gr-daily-report-20210528.pdf,https://www.youtube.com/watch?v=6wtUVm87dmU,,,https://www.clipnews.gr/coronavirus-report-28-05-2021-2/
27/05/2021,https://eody.gov.gr/wp-content/uploads/2021/05/covid-gr-daily-report-20210527.pdf,,https://aead.gr/press/press-releases/apotimhsh-elegxwn-covid-19-gia-thn-pempti-27-05-2021,,
26/05/2021,https://eody.gov.gr/wp-content/uploads/2021/05/covid-gr-daily-report-20210526.pdf,https://www.youtube.com/watch?v=eTV99SLp2cY,https://aead.gr/press/press-releases/apotimhsh-elegxwn-covid-19-gia-thn-tetarti-26-05-2021,,
25/05/2021,https://eody.gov.gr/wp-content/uploads/2021/05/covid-gr-daily-report-20210525.pdf,,,,
24/05/2021,https://eody.gov.gr/wp-content/uploads/2021/05/covid-gr-daily-report-20210524.pdf,,https://aead.gr/press/press-releases/apotimhsh-elegxwn-covid-19-gia-th-deutera-24-05-2021,https://covid19.gov.gr/50i-ekthesi-proodou-paratiritiriou/,
23/05/2021,https://eody.gov.gr/wp-content/uploads/2021/05/covid-gr-daily-report-20210523.pdf,,https://aead.gr/press/press-releases/apotimhsh-elegxwn-covid-19-gia-to-diastima-21-23-05-2021,,
22/05/2021,https://eody.gov.gr/wp-content/uploads/2021/05/covid-gr-daily-report-20210522.pdf,,,,
21/05/2021,https://eody.gov.gr/wp-content/uploads/2021/05/covid-gr-daily-report-20210521.pdf,https://www.youtube.com/watch?v=h9A99fPfFeI,,,https://www.clipnews.gr/coronavirus-report-21-05-2021/
20/05/2021,https://eody.gov.gr/wp-content/uploads/2021/05/covid-gr-daily-report-20210520.pdf,,,,
19/05/2021,https://eody.gov.gr/wp-content/uploads/2021/05/covid-gr-daily-report-20210519.pdf,https://www.youtube.com/watch?v=WazCJy49MNo,,,
18/05/2021,https://eody.gov.gr/wp-content/uploads/2021/05/covid-gr-daily-report-20210518.pdf,,https://aead.gr/press/press-releases/apotimhsh-elegxwn-covid-19-gia-thn-triti-18-05-2021,,
17/05/2021,https://eody.gov.gr/wp-content/uploads/2021/05/covid-gr-daily-report-20210517.pdf,,https://aead.gr/press/press-releases/apotimhsh-elegxwn-covid-19-gia-th-deutera-17-05-2021,https://covid19.gov.gr/49i-ekthesi-proodou-paratiritiriou/,
16/05/2021,https://eody.gov.gr/wp-content/uploads/2021/05/covid-gr-daily-report-20210516.pdf,,https://aead.gr/press/press-releases/apotimhsh-elegxwn-covid-19-gia-to-diastima-14-16-05-2021,,
15/05/2021,https://eody.gov.gr/wp-content/uploads/2021/05/covid-gr-daily-report-20210515.pdf,,,,
14/05/2021,https://eody.gov.gr/wp-content/uploads/2021/05/covid-gr-daily-report-202105142.pdf,https://www.youtube.com/watch?v=SJwXp_XiYDk,,,https://www.clipnews.gr/coronavirus-report-14-05-2021-2/
13/05/2021,https://eody.gov.gr/wp-content/uploads/2021/05/covid-gr-daily-report-20210513.pdf,,https://aead.gr/press/press-releases/apotimhsh-elegxwn-covid-19-gia-thn-pempti-13-05-2021,,
12/05/2021,https://eody.gov.gr/wp-content/uploads/2021/05/covid-gr-daily-report-20210512.pdf,https://www.youtube.com/watch?v=06RZnZm020U,https://aead.gr/press/press-releases/apotimhsh-elegxwn-covid-19-gia-thn-tetarth-12-05-2021,,
11/05/2021,https://eody.gov.gr/wp-content/uploads/2021/05/covid-gr-daily-report-20210511.pdf,,https://aead.gr/press/press-releases/apotimhsh-elegxwn-covid-19-gia-thn-triti-11-05-2021,,
10/05/2021,https://eody.gov.gr/wp-content/uploads/2021/05/covid-gr-daily-report-20210510.pdf,,https://aead.gr/press/press-releases/apotimhsh-elegxwn-covid-19-gia-th-deutera-10-05-2021,https://covid19.gov.gr/48i-ekthesi-proodou-paratiritiriou/,
09/05/2021,https://eody.gov.gr/wp-content/uploads/2021/05/covid-gr-daily-report-20210509.pdf,,https://aead.gr/press/press-releases/apotimhsh-elegxwn-covid-19-gia-to-diastima-07-09-05-2021,,
08/05/2021,https://eody.gov.gr/wp-content/uploads/2021/05/covid-gr-daily-report-20210508.pdf,,,,
07/05/2021,https://eody.gov.gr/wp-content/uploads/2021/05/covid-gr-daily-report-20210507.pdf,https://www.youtube.com/watch?v=kaPTBEvT0gQ,,,https://www.clipnews.gr/coronavirus-report-07-05-2021/
06/05/2021,https://eody.gov.gr/wp-content/uploads/2021/05/covid-gr-daily-report-20210506.pdf,,https://aead.gr/press/press-releases/apotimhsh-elegxwn-covid-19-gia-thn-pempti-06-05-2021,,
05/05/2021,https://eody.gov.gr/wp-content/uploads/2021/05/covid-gr-daily-report-20210505.pdf,https://www.youtube.com/watch?v=pdMd6qSTtto,https://aead.gr/press/press-releases/apotimhsh-elegxwn-covid-19-gia-thn-tetarti-05-05-2021,https://covid19.gov.gr/47i-ekthesi-proodou-paratiritiriou/,
04/05/2021,https://eody.gov.gr/wp-content/uploads/2021/05/covid-gr-daily-report-20210504.pdf,,https://aead.gr/press/press-releases/apotimhsh-elegxwn-covid-19-gia-to-diastima-30-04-2021-04-05-2021,,
03/05/2021,https://eody.gov.gr/wp-content/uploads/2021/05/covid-gr-daily-report-20210503.pdf,,,,
02/05/2021,,,,,
01/05/2021,https://eody.gov.gr/wp-content/uploads/2021/05/covid-gr-daily-report-20210501.pdf,,,,
30/04/2021,https://eody.gov.gr/wp-content/uploads/2021/04/covid-gr-daily-report-20210429.pdf,,,,https://www.clipnews.gr/coronavirus-report-30-04-2021/
29/04/2021,https://eody.gov.gr/wp-content/uploads/2021/04/covid-gr-daily-report-20210429.pdf,,,,
28/04/2021,https://eody.gov.gr/wp-content/uploads/2021/04/covid-gr-daily-report-20210428.pdf,https://www.youtube.com/watch?v=scFY9kvD_XI,https://aead.gr/press/press-releases/apotimhsh-elegxwn-covid-19-gia-thn-tetarti-28-04-2021,,
27/04/2021,https://eody.gov.gr/wp-content/uploads/2021/04/covid-gr-daily-report-20210427.pdf,,https://aead.gr/press/press-releases/apotimhsh-elegxwn-covid-19-gia-thn-triti-27-04-2021,,
26/04/2021,https://eody.gov.gr/wp-content/uploads/2021/04/covid-gr-daily-report-20210426.pdf,,https://aead.gr/press/press-releases/apotimhsh-elegxwn-covid-19-gia-th-deutera-26-04-2021,,
25/04/2021,https://eody.gov.gr/wp-content/uploads/2021/04/covid-gr-daily-report-20210425.pdf,,https://aead.gr/press/press-releases/apotimhsh-elegxwn-covid-19-gia-to-diastima-23-25-04-2021,,
24/04/2021,https://eody.gov.gr/wp-content/uploads/2021/04/covid-gr-daily-report-20210424.pdf,,,,
23/04/2021,https://eody.gov.gr/wp-content/uploads/2021/04/covid-gr-daily-report-20210423.pdf,https://www.youtube.com/watch?v=wUrkbOAHScY,,https://covid19.gov.gr/46i-ekthesi-proodou-paratiritiriou/,https://www.clipnews.gr/coronavirus-report-23-04-2021/
22/04/2021,https://eody.gov.gr/wp-content/uploads/2021/04/covid-gr-daily-report-20210422.pdf,,https://aead.gr/press/press-releases/apotimhsh-elegxwn-covid-19-gia-thn-pempti-22-04-2021,,
21/04/2021,https://eody.gov.gr/wp-content/uploads/2021/04/covid-gr-daily-report-20210421.pdf,https://www.youtube.com/watch?v=ofzsuUhpSoI,https://aead.gr/press/press-releases/apotimhsh-elegxwn-covid-19-gia-thn-tetarti-21-04-2021,,
20/04/2021,https://eody.gov.gr/wp-content/uploads/2021/04/covid-gr-daily-report-20210420.pdf,,https://aead.gr/press/press-releases/apotimhsh-elegxwn-covid-19-gia-thn-triti-20-04-2021,,
19/04/2021,https://eody.gov.gr/wp-content/uploads/2021/04/covid-gr-daily-report-20210419.pdf,,https://aead.gr/press/press-releases/apotimhsh-elegxwn-covid-19-gia-th-deutera-19-04-2021,,
18/04/2021,https://eody.gov.gr/wp-content/uploads/2021/04/covid-gr-daily-report-20210418.pdf,,,,
17/04/2021,https://eody.gov.gr/wp-content/uploads/2021/04/covid-gr-daily-report-20210417.pdf,,,,
16/04/2021,https://eody.gov.gr/wp-content/uploads/2021/04/covid-gr-daily-report-20210416.pdf,https://www.youtube.com/watch?v=3kchgEe4y1Y,,https://covid19.gov.gr/45i-ekthesi-proodou-paratiritiriou/,https://www.clipnews.gr/coronavirus-report-16-04-2021/
15/04/2021,https://eody.gov.gr/wp-content/uploads/2021/04/covid-gr-daily-report-20210415.pdf,,https://aead.gr/press/press-releases/apotimhsh-elegxwn-covid-19-gia-thn-pempti-15-04-2021,,
14/04/2021,https://eody.gov.gr/wp-content/uploads/2021/04/covid-gr-daily-report-20210414.pdf,https://www.youtube.com/watch?v=qm9pFHBeOjU,https://aead.gr/press/press-releases/apotimhsh-elegxwn-covid-19-gia-thn-tetarti-14-04-2021,,
13/04/2021,https://eody.gov.gr/wp-content/uploads/2021/04/covid-gr-daily-report-20210413.pdf,,https://aead.gr/press/press-releases/apotimhsh-elegxwn-covid-19-gia-thn-triti-13-04-2021,,
12/04/2021,https://eody.gov.gr/wp-content/uploads/2021/04/covid-gr-daily-report-20210412.pdf,,https://aead.gr/press/press-releases/apotimhsh-elegxwn-covid-19-gia-th-deutera-12-4-2021,,
11/04/2021,https://eody.gov.gr/wp-content/uploads/2021/04/covid-gr-daily-report-20210411.pdf,,https://aead.gr/press/press-releases/apotimhsh-elegxwn-covid-19-gia-thn-paraskeuh-09-11-04-2021,,
10/04/2021,https://eody.gov.gr/wp-content/uploads/2021/04/covid-gr-daily-report-20210410.pdf,,,,
09/04/2021,https://eody.gov.gr/wp-content/uploads/2021/04/covid-gr-daily-report-20210409.pdf,https://www.youtube.com/watch?v=TzW9rkJikeo,https://aead.gr/press/press-releases/apotimhsh-elegxwn-covid-19-gia-thn-paraskeuh-09-04-2021,https://covid19.gov.gr/44i-ekthesi-proodou-paratiritiriou/,https://www.clipnews.gr/coronavirus-report-09-04-2021-2/
08/04/2021,https://eody.gov.gr/wp-content/uploads/2021/04/covid-gr-daily-report-20210408.pdf,,https://aead.gr/press/press-releases/apotimhsh-elegxwn-covid-19-gia-thn-pempti-08-04-2021,,
07/04/2021,https://eody.gov.gr/wp-content/uploads/2021/04/covid-gr-daily-report-20210407.pdf,https://www.youtube.com/watch?v=u9eHuRiexvM,https://aead.gr/press/press-releases/apotimhsh-elegxwn-covid-19-gia-thn-tetarti-07-04-2021,,
06/04/2021,https://eody.gov.gr/wp-content/uploads/2021/04/covid-gr-daily-report-20210406.pdf,,https://aead.gr/press/press-releases/apotimhsh-elegxwn-covid-19-gia-thn-triti-06-04-2021,,
05/04/2021,https://eody.gov.gr/wp-content/uploads/2021/04/covid-gr-daily-report-20210405.pdf,,https://aead.gr/press/press-releases/apotimhsh-elegxwn-covid-19-gia-thn-deutera-05-04-2021,,
04/04/2021,https://eody.gov.gr/wp-content/uploads/2021/04/covid-gr-daily-report-20210404.pdf,,https://aead.gr/press/press-releases/apotimhsh-elegxwn-covid-19-gia-to-diastima-02-04-04-2021,,
03/04/2021,https://eody.gov.gr/wp-content/uploads/2021/04/covid-gr-daily-report-20210403.pdf,,,,
02/04/2021,https://eody.gov.gr/wp-content/uploads/2021/04/covid-gr-daily-report-20210402.pdf,https://www.youtube.com/watch?v=Bmi1KmLyHIk,,https://covid19.gov.gr/43i-ekthesi-proodou-paratiritiriou/,https://www.clipnews.gr/coronavirus-report-02-04-2021/
01/04/2021,https://eody.gov.gr/wp-content/uploads/2021/04/covid-gr-daily-report-20210401.pdf,,https://aead.gr/press/press-releases/apotimhsh-elegxwn-covid-19-gia-thn-pempti-01-04-2021,,
31/03/2021,https://eody.gov.gr/wp-content/uploads/2021/03/covid-gr-daily-report-20210331.pdf,https://www.youtube.com/watch?v=LysBq71cZ0E,https://aead.gr/press/press-releases/apotimhsh-elegxwn-covid-19-gia-thn-tetarti-31-03-2021,,
30/03/2021,https://eody.gov.gr/wp-content/uploads/2021/03/covid-gr-daily-report-20210330.pdf,,https://aead.gr/press/press-releases/apotimhsh-elegxwn-covid-19-gia-thn-triti-30-03-2021,,
29/03/2021,https://eody.gov.gr/wp-content/uploads/2021/03/covid-gr-daily-report-20210329.pdf,,https://aead.gr/press/press-releases/apotimhsh-elegxwn-covid-19-gia-th-deutera-29-03-2021,,
28/03/2021,https://eody.gov.gr/wp-content/uploads/2021/03/covid-gr-daily-report-20210328.pdf,,https://aead.gr/press/press-releases/apotimhsh-elegxwn-covid-19-gia-to-diastima-26-28-03-2021,,
27/03/2021,https://eody.gov.gr/wp-content/uploads/2021/03/covid-gr-daily-report-20210327.pdf,,,,
26/03/2021,https://eody.gov.gr/wp-content/uploads/2021/03/covid-gr-daily-report-20210326.pdf,https://www.youtube.com/watch?v=DNXDdeTarFI,,https://covid19.gov.gr/42i-ekthesi-proodou-paratiritiriou/,https://www.clipnews.gr/coronavirus-report-26-03-2021-2/
25/03/2021,https://eody.gov.gr/wp-content/uploads/2021/03/covid-gr-daily-report-20210325.pdf,,https://aead.gr/press/press-releases/apotimhsh-elegxwn-covid-19-gia-to-diastima-24-25-03-2021,,
24/03/2021,https://eody.gov.gr/wp-content/uploads/2021/03/covid-gr-daily-report-20210324.pdf,,,,
23/03/2021,https://eody.gov.gr/wp-content/uploads/2021/03/covid-gr-daily-report-20210323.pdf,,https://aead.gr/press/press-releases/apotimhsh-elegxwn-covid-19-gia-thn-triti-23-03-2021,,
22/03/2021,https://eody.gov.gr/wp-content/uploads/2021/03/covid-gr-daily-report-20210322.pdf,,https://aead.gr/press/press-releases/apotimhsh-elegxwn-covid-19-gia-th-deutera-22-03-2021,,
21/03/2021,https://eody.gov.gr/wp-content/uploads/2021/03/covid-gr-daily-report-20210321.pdf,,https://aead.gr/press/press-releases/apotimhsh-elegxwn-covid-19-gia-to-diastima-19-21-03-2021,,
20/03/2021,https://eody.gov.gr/wp-content/uploads/2021/03/covid-gr-daily-report-20210320.pdf,,,,
19/03/2021,https://eody.gov.gr/wp-content/uploads/2021/03/covid-gr-daily-report-20210319.pdf,https://www.youtube.com/watch?v=6HCQdhwG1_c,,https://covid19.gov.gr/41i-ekthesi-proodou-paratiritiriou/,https://www.clipnews.gr/coronavirus-report-19-03-2021/
18/03/2021,https://eody.gov.gr/wp-content/uploads/2021/03/covid-gr-daily-report-20210318.pdf,,https://aead.gr/press/press-releases/apotimhsh-elegxwn-covid-19-gia-thn-pempti-18-03-2021,,
17/03/2021,https://eody.gov.gr/wp-content/uploads/2021/03/covid-gr-daily-report-20210317.pdf,https://www.youtube.com/watch?v=ZPz5uKcnq-I,https://aead.gr/press/press-releases/apotimhsh-elegxwn-covid-19-gia-thn-tetarti-17-03-2021,,
16/03/2021,https://eody.gov.gr/wp-content/uploads/2021/03/covid-gr-daily-report-20210316.pdf,,https://aead.gr/press/press-releases/apotimhsh-elegxwn-covid-19-gia-thn-triti-16-03-2021,,
15/03/2021,https://eody.gov.gr/wp-content/uploads/2021/03/covid-gr-daily-report-20210315.pdf,,https://aead.gr/press/press-releases/apotimhsh-elegxwn-covid-19-gia-to-diastima-12-15-03-2021,,
14/03/2021,https://eody.gov.gr/wp-content/uploads/2021/03/covid-gr-daily-report-20210314.pdf,,,,
13/03/2021,https://eody.gov.gr/wp-content/uploads/2021/03/covid-gr-daily-report-20210313.pdf,,,,
12/03/2021,https://eody.gov.gr/wp-content/uploads/2021/03/covid-gr-daily-report-20210312.pdf,https://www.youtube.com/watch?v=EfWwi6gainc,,https://covid19.gov.gr/40i-ekthesi-proodou-paratiritiriou/,https://www.clipnews.gr/coronavirus-report-12-03-2021-2/
11/03/2021,https://eody.gov.gr/wp-content/uploads/2021/03/covid-gr-daily-report-20210311.pdf,,https://aead.gr/press/press-releases/apotimhsh-elegxwn-covid-19-gia-thn-pempti-11-03-2021,,
10/03/2021,https://eody.gov.gr/wp-content/uploads/2021/03/covid-gr-daily-report-20210310.pdf,https://www.youtube.com/watch?v=1XOeT_uq91I,https://aead.gr/press/press-releases/apotimhsh-elegxwn-covid-19-gia-thn-tetarti-10-03-2021,,
09/03/2021,https://eody.gov.gr/wp-content/uploads/2021/03/covid-gr-daily-report-20210309.pdf,,https://aead.gr/press/press-releases/apotimhsh-elegxwn-covid-19-gia-thn-triti-09-03-2021,,
08/03/2021,https://eody.gov.gr/wp-content/uploads/2021/03/covid-gr-daily-report-20210308.pdf,,https://aead.gr/press/press-releases/apotimhsh-elegxwn-covid-19-gia-th-deutera-08-03-2021,,
07/03/2021,https://eody.gov.gr/wp-content/uploads/2021/03/covid-gr-daily-report-20210307.pdf,,https://aead.gr/press/press-releases/apotimhsh-elegxwn-covid-19-gia-to-diastima-05-07-03-2021,,
06/03/2021,https://eody.gov.gr/wp-content/uploads/2021/03/covid-gr-daily-report-20210306.pdf,,,,
05/03/2021,https://eody.gov.gr/wp-content/uploads/2021/03/covid-gr-daily-report-20210305.pdf,https://www.youtube.com/watch?v=8QDITdsucDw,,https://covid19.gov.gr/39i-ekthesi-proodou-paratiritiriou/,https://www.clipnews.gr/coronavirus-report-05-03-2021/
04/03/2021,https://eody.gov.gr/wp-content/uploads/2021/03/covid-gr-daily-report-20210304.pdf,,https://aead.gr/press/press-releases/apotimisi-eleghon-covid-20210304,,
03/03/2021,https://eody.gov.gr/wp-content/uploads/2021/03/covid-gr-daily-report-20210303.pdf,https://www.youtube.com/watch?v=EndDtXRlqHw,https://aead.gr/press/press-releases/apotimhsh-elegxwn-covid-19-gia-thn-tetarti-03-03-2021,,
02/03/2021,https://eody.gov.gr/wp-content/uploads/2021/03/covid-gr-daily-report-20210302.pdf,,https://aead.gr/press/press-releases/apotimhsh-elegxwn-covid-19-gia-thn-triti-02-03-2021,,
01/03/2021,https://eody.gov.gr/wp-content/uploads/2021/03/covid-gr-daily-report-20210301.pdf,,https://aead.gr/press/press-releases/apotimhsh-elegxwn-covid-19-gia-th-deutera-01-03-2021,https://covid19.gov.gr/38i-ekthesi-proodou-paratiritiriou/,
28/02/2021,https://eody.gov.gr/wp-content/uploads/2021/02/covid-gr-daily-report-20210228.pdf,,https://aead.gr/press/press-releases/apotimhsh-elegxwn-covid-19-gia-to-diastima-26-28-02-2021,,
27/02/2021,https://eody.gov.gr/wp-content/uploads/2021/02/covid-gr-daily-report-20210227.pdf,,,,
26/02/2021,https://eody.gov.gr/wp-content/uploads/2021/02/covid-gr-daily-report-20210226.pdf,https://www.youtube.com/watch?v=NCuASaqoshI,,,https://www.clipnews.gr/coronavirus-report-26-02-2021-2/
25/02/2021,https://eody.gov.gr/wp-content/uploads/2021/02/covid-gr-daily-report-20210225.pdf,,https://aead.gr/press/press-releases/apotimhsh-elegxwn-covid-19-gia-thn-pempti-25-02-2021,,
24/02/2021,https://eody.gov.gr/wp-content/uploads/2021/02/covid-gr-daily-report-20210224.pdf,https://www.youtube.com/watch?v=ggOq2u-WKr4,https://aead.gr/press/press-releases/apotimhsh-elegxwn-covid-19-gia-thn-tetarti-24-02-2021,,
23/02/2021,https://eody.gov.gr/wp-content/uploads/2021/02/covid-gr-daily-report-20210223.pdf,,https://aead.gr/press/press-releases/apotimhsh-elegxwn-covid-19-gia-thn-triti-23-02-2021,,
22/02/2021,https://eody.gov.gr/wp-content/uploads/2021/02/covid-gr-daily-report-20210222.pdf,,https://aead.gr/press/press-releases/apotimhsh-elegxwn-covid-19-gia-thn-deutera-22-02-2021,https://covid19.gov.gr/37i-ekthesi-proodou-paratiritiriou/,
21/02/2021,https://eody.gov.gr/wp-content/uploads/2021/02/covid-gr-daily-report-20210221.pdf,,https://aead.gr/press/press-releases/apotimhsh-elegxwn-covid-19-gia-to-diastima-19-21-02-2021,,
20/02/2021,https://eody.gov.gr/wp-content/uploads/2021/02/covid-gr-daily-report-20210220.pdf,,,,
19/02/2021,https://eody.gov.gr/wp-content/uploads/2021/02/covid-gr-daily-report-20210219.pdf,https://www.youtube.com/watch?v=vmGoLpSWQ6w,,,https://www.clipnews.gr/coronavirus-report-19-02-2021/
18/02/2021,https://eody.gov.gr/wp-content/uploads/2021/02/covid-gr-daily-report-20210218.pdf,,https://aead.gr/press/press-releases/apotimhsh-elegxwn-covid-19-gia-thn-pempti-18-02-2021,,
17/02/2021,https://eody.gov.gr/wp-content/uploads/2021/02/covid-gr-daily-report-20210217.pdf,https://www.youtube.com/watch?v=s5LThQFLHIQ,https://aead.gr/press/press-releases/apotimhsh-elegxwn-covid-19-gia-thn-tetarti-17-02-2021,,
16/02/2021,https://eody.gov.gr/wp-content/uploads/2021/02/covid-gr-daily-report-20210216.pdf,,https://aead.gr/press/press-releases/apotimhsh-elegxwn-covid-19-gia-thn-triti-16-02-2021,,
15/02/2021,https://eody.gov.gr/wp-content/uploads/2021/02/covid-gr-daily-report-20210215.pdf,,https://aead.gr/press/press-releases/apotimhsh-elegxwn-covid-19-gia-th-deytera-15-02-2021,,
14/02/2021,https://eody.gov.gr/wp-content/uploads/2021/02/covid-gr-daily-report-20210214.pdf,,https://aead.gr/press/press-releases/apotimhsh-elegxwn-covid-19-gia-to-diastima-12-14-02-2021,,
13/02/2021,https://eody.gov.gr/wp-content/uploads/2021/02/covid-gr-daily-report-20210213.pdf,,,,
12/02/2021,https://eody.gov.gr/wp-content/uploads/2021/02/covid-gr-daily-report-20210212.pdf,https://www.youtube.com/watch?v=GhHI-uHn8es,,https://covid19.gov.gr/36i-ekthesi-proodou-paratiritiriou/,https://www.clipnews.gr/coronavirus-report-12-02-2021-2/
11/02/2021,https://eody.gov.gr/wp-content/uploads/2021/02/covid-gr-daily-report-20210211.pdf,,https://aead.gr/press/press-releases/apotimhsh-elegxwn-covid-19-gia-thn-pempti-11-02-2021,,
10/02/2021,https://eody.gov.gr/wp-content/uploads/2021/02/covid-gr-daily-report-20210210.pdf,,https://aead.gr/press/press-releases/apotimhsh-elegxwn-covid-19-gia-thn-pempti-10-02-2021,,
09/02/2021,https://eody.gov.gr/wp-content/uploads/2021/02/covid-gr-daily-report-20210209.pdf,,https://aead.gr/press/press-releases/apotimhsh-elegxwn-covid-19-gia-thn-triti-09-02-2021,,
08/02/2021,https://eody.gov.gr/wp-content/uploads/2021/02/covid-gr-daily-report-20210208.pdf,,https://aead.gr/press/press-releases/apotimhsh-elegxwn-covid-19-gia-th-deutera-08-02-2021,,
07/02/2021,https://eody.gov.gr/wp-content/uploads/2021/02/covid-gr-daily-report-20210207.pdf,,https://aead.gr/press/press-releases/apotimhsh-elegxwn-covid-19-gia-to-diastima-05-07-02-2021,,
06/02/2021,https://eody.gov.gr/wp-content/uploads/2021/02/covid-gr-daily-report-20210206.pdf,,,,
05/02/2021,https://eody.gov.gr/wp-content/uploads/2021/02/covid-gr-daily-report-20210205.pdf,https://www.youtube.com/watch?v=vtFQSq6zmPk,,https://covid19.gov.gr/35i-ekthesi-proodou-paratiritiriou/,https://www.clipnews.gr/coronavirus-report-05-02-2021/
04/02/2021,https://eody.gov.gr/wp-content/uploads/2021/02/covid-gr-daily-report-20210204.pdf,,https://aead.gr/press/press-releases/apotimhsh-elegxwn-covid-19-gia-thn-pempti-04-02-2021,,
03/02/2021,https://eody.gov.gr/wp-content/uploads/2021/02/covid-gr-daily-report-20210203.pdf,,https://aead.gr/press/press-releases/apotimhsh-elegxwn-covid-19-gia-thn-tetarti-03-02-2021,,
02/02/2021,https://eody.gov.gr/wp-content/uploads/2021/02/covid-gr-daily-report-20210202.pdf,,https://aead.gr/press/press-releases/apotimhsh-elegxwn-covid-19-gia-thn-trith-02-02-2021,,
01/02/2021,https://eody.gov.gr/wp-content/uploads/2021/02/covid-gr-daily-report-20210201.pdf,,https://aead.gr/press/press-releases/apotimhsh-elegxwn-covid-19-gia-th-deuterai-02-02-2021,,
31/01/2021,https://eody.gov.gr/wp-content/uploads/2021/01/covid-gr-daily-report-20210131.pdf,,https://aead.gr/press/press-releases/apotimhsh-elegxwn-covid-19-gia-to-diastima-29-31-01-2021,,
30/01/2021,https://eody.gov.gr/wp-content/uploads/2021/01/covid-gr-daily-report-20210130.pdf,,,,
29/01/2021,https://eody.gov.gr/wp-content/uploads/2021/01/covid-gr-daily-report-20210129.pdf,https://www.youtube.com/watch?v=JbCSxdkIIpQ,,https://covid19.gov.gr/34i-ekthesi-proodou-paratiritiriou/,https://www.clipnews.gr/coronavirus-report-29-01-2021-2/
28/01/2021,https://eody.gov.gr/wp-content/uploads/2021/01/covid-gr-daily-report-20210128.pdf,,https://aead.gr/press/press-releases/apotimhsh-elegxwn-covid-19-gia-thn-pempti-28-01-2021,,
27/01/2021,https://eody.gov.gr/wp-content/uploads/2021/01/covid-gr-daily-report-20210127.pdf,https://www.youtube.com/watch?v=5MikstCI4js,https://aead.gr/press/press-releases/apotimhsh-elegxwn-covid-19-gia-thn-tetarti-27-01-2021,,
26/01/2021,https://eody.gov.gr/wp-content/uploads/2021/01/covid-gr-daily-report-20210126.pdf,,https://aead.gr/press/press-releases/apotimhsh-elegxwn-covid-19-gia-thn-triti-26-01-2021,,
25/01/2021,https://eody.gov.gr/wp-content/uploads/2021/01/covid-gr-daily-report-20210125.pdf,,https://aead.gr/press/press-releases/apotimhsh-elegxwn-covid-19-gia-th-deutera-25-01-2021,,
24/01/2021,https://eody.gov.gr/wp-content/uploads/2021/01/covid-gr-daily-report-20210124.pdf,,https://aead.gr/press/press-releases/apotimhsh-elegxwn-covid-19-gia-to-diastima-22-24-01-2021,,
23/01/2021,https://eody.gov.gr/wp-content/uploads/2021/01/covid-gr-daily-report-20210123.pdf,,,,
22/01/2021,https://eody.gov.gr/wp-content/uploads/2021/01/covid-gr-daily-report-20210122.pdf,https://www.youtube.com/watch?v=HvDyRJdSr94,,https://covid19.gov.gr/33i-ekthesi-proodou-paratiritiriou/,https://www.clipnews.gr/coronavirus-report-22-01-2021/
21/01/2021,https://eody.gov.gr/wp-content/uploads/2021/01/covid-gr-daily-report-20210121.pdf,https://www.youtube.com/watch?v=tllOsYid_Xc,https://aead.gr/press/press-releases/apotimhsh-elegxwn-covid-19-gia-thn-pempti-21-01-2021,https://covid19.gov.gr/32i-ekthesi-proodou-paratiritiriou/,
20/01/2021,https://eody.gov.gr/wp-content/uploads/2021/01/covid-gr-daily-report-20210120.pdf,,https://aead.gr/press/press-releases/apotimhsh-elegxwn-covid-19-gia-thn-tetarti-20-01-2021,,
19/01/2021,https://eody.gov.gr/wp-content/uploads/2021/01/covid-gr-daily-report-20210119.pdf,,https://aead.gr/press/press-releases/apotimhsh-elegxwn-covid-19-gia-thn-triti-19-01-2021,,
18/01/2021,https://eody.gov.gr/wp-content/uploads/2021/01/covid-gr-daily-report-20210118.pdf,,https://aead.gr/press/press-releases/apotimhsh-elegxwn-covid-19-gia-th-deutera-18-01-2021,,
17/01/2021,https://eody.gov.gr/wp-content/uploads/2021/01/covid-gr-daily-report-20210117.pdf,,https://aead.gr/press/press-releases/apotimhsh-elegxwn-covid-19-gia-to-diastima-15-17-01-2021,https://covid19.gov.gr/31i-ekthesi-proodou-paratiritiriou/,
16/01/2021,https://eody.gov.gr/wp-content/uploads/2021/01/covid-gr-daily-report-20210116.pdf,,,,
15/01/2021,https://eody.gov.gr/wp-content/uploads/2021/01/covid-gr-daily-report-20210115.pdf,https://www.youtube.com/watch?v=rhID6D2NFHA,,,https://www.clipnews.gr/coronavirus-report-15-01-2021-2/
14/01/2021,https://eody.gov.gr/wp-content/uploads/2021/01/covid-gr-daily-report-20210114.pdf,,https://aead.gr/press/press-releases/apotimhsh-elegxwn-covid-19-gia-thn-pempti-14-01-2021,,
13/01/2021,https://eody.gov.gr/wp-content/uploads/2021/01/covid-gr-daily-report-20210113.pdf,https://www.youtube.com/watch?v=Gz9ZJyuF0Bk,https://aead.gr/press/press-releases/apotimhsh-elegxwn-covid-19-gia-thn-tetarti-13-01-2021,,
12/01/2021,https://eody.gov.gr/wp-content/uploads/2021/01/covid-gr-daily-report-20210112.pdf,,https://aead.gr/press/press-releases/apotimhsh-elegxwn-covid-19-gia-thn-triti-12-01-2021,,
11/01/2021,https://eody.gov.gr/wp-content/uploads/2021/01/covid-gr-daily-report-20210111.pdf,,https://aead.gr/press/press-releases/apotimhsh-elegxwn-covid-19-gia-th-deytera-11-01-2021,,
10/01/2021,https://eody.gov.gr/wp-content/uploads/2021/01/covid-gr-daily-report-20210110.pdf,,https://aead.gr/press/press-releases/apotimhsh-elegxwn-covid-19-gia-to-diastima-8-10-01-2021,,
09/01/2021,https://eody.gov.gr/wp-content/uploads/2021/01/covid-gr-daily-report-20210109.pdf,,,,
08/01/2021,https://eody.gov.gr/wp-content/uploads/2021/01/covid-gr-daily-report-20210108.pdf,https://www.youtube.com/watch?v=p-L1KK2r-L8,,https://covid19.gov.gr/30i-ekthesi-proodou-paratiritiriou/,https://www.clipnews.gr/coronavirus-report-08-01-2021/
07/01/2021,https://eody.gov.gr/wp-content/uploads/2021/01/covid-gr-daily-report-20210107.pdf,,https://aead.gr/press/press-releases/apotimhsh-elegxwn-covid-19-gia-thn-pempti-07-01-2021,,
06/01/2021,https://eody.gov.gr/wp-content/uploads/2021/01/covid-gr-daily-report-20210106.pdf,,https://aead.gr/press/press-releases/apotimhsh-elegxwn-covid-19-gia-to-diastima-05-06-01-2021,,
05/01/2021,https://eody.gov.gr/wp-content/uploads/2021/01/covid-gr-daily-report-20210105.pdf,,,,
04/01/2021,https://eody.gov.gr/wp-content/uploads/2021/01/covid-gr-daily-report-20210104.pdf,,https://aead.gr/genika/apotimhsh-elegxwn-covid-19-gia-th-deutera-04-01-2021,,
03/01/2021,https://eody.gov.gr/wp-content/uploads/2021/01/covid-gr-daily-report-20210103.pdf,,https://aead.gr/press/press-releases/apotimhsh-elegxwn-covid-19-gia-to-diastima-31-12-2020-03-01-2021,,
02/01/2021,https://eody.gov.gr/wp-content/uploads/2021/01/covid-gr-daily-report-20210102.pdf,,,,
01/01/2021,https://eody.gov.gr/wp-content/uploads/2021/01/covid-gr-daily-report-20210101.pdf,,,,
31/12/2020,https://eody.gov.gr/wp-content/uploads/2020/12/covid-gr-daily-report-20201231.pdf,,,,https://www.clipnews.gr/coronavirus-report-31-12-2020/
30/12/2020,https://eody.gov.gr/wp-content/uploads/2020/12/covid-gr-daily-report-20201230.pdf,https://www.youtube.com/watch?v=7B06bKIlFdU,https://aead.gr/press/press-releases/apotimhsh-elegxwn-covid-19-gia-thn-tetarti-30-12-2020,https://covid19.gov.gr/29i-ekthesi-proodou-paratiritiriou/,
29/12/2020,https://eody.gov.gr/wp-content/uploads/2020/12/covid-gr-daily-report-20201229.pdf,https://www.youtube.com/watch?v=Lp2KWuiCXJY,https://aead.gr/press/press-releases/apotimhsh-elegxwn-covid-19-gia-thn-triti-29-12-2020,,
28/12/2020,https://eody.gov.gr/wp-content/uploads/2020/12/covid-gr-daily-report-20201228.pdf,,https://aead.gr/press/press-releases/%CE%B1%CF%80%CE%BF%CF%84%CE%AF%CE%BC%CE%B7%CF%83%CE%B7-%CE%B5%CE%BB%CE%AD%CE%B3%CF%87%CF%89%CE%BD-covid-19-%CE%B3%CE%B9%CE%B1-%CF%84%CE%B7-%CE%B4%CE%B5%CF%85%CF%84%CE%AD%CF%81%CE%B1-28-12-2020,,
27/12/2020,https://eody.gov.gr/wp-content/uploads/2020/12/covid-gr-daily-report-20201227.pdf,,https://aead.gr/press/press-releases/apotimhsh-elegxwn-covid-19-gia-to-diastima-24-27-12-2020,https://covid19.gov.gr/28i-ekthesi-proodou-paratiritiriou/,
26/12/2020,https://eody.gov.gr/wp-content/uploads/2020/12/covid-gr-daily-report-20201226.pdf,,,,
25/12/2020,https://eody.gov.gr/wp-content/uploads/2020/12/covid-gr-daily-report-20201225.pdf,,,,
24/12/2020,https://eody.gov.gr/wp-content/uploads/2020/12/covid-gr-daily-report-20201224.pdf,,,,https://www.clipnews.gr/coronavirus-report-24-12-2020-2/
23/12/2020,https://eody.gov.gr/wp-content/uploads/2020/12/covid-gr-daily-report-20201223.pdf,https://www.youtube.com/watch?v=JvVpmQvAsPg,https://aead.gr/press/press-releases/apotimhsh-elegxwn-covid-19-gia-thn-tetarti-23-12-2020,,
22/12/2020,https://eody.gov.gr/wp-content/uploads/2020/12/covid-gr-daily-report-20201222.pdf,https://www.youtube.com/watch?v=QiFlLgOUXCI,https://aead.gr/press/press-releases/apotimhsh-elegxwn-covid-19-gia-thn-triti-22-12-2020,,
21/12/2020,https://eody.gov.gr/wp-content/uploads/2020/12/covid-gr-daily-report-20201221.pdf,,https://aead.gr/press/press-releases/apotimhsh-elegxwn-covid-19-gia-th-deutera-21-12-2020,,
20/12/2020,https://eody.gov.gr/wp-content/uploads/2020/12/covid-gr-daily-report-20201220.pdf,,https://aead.gr/press/press-releases/apotimhsh-elegxwn-covid-19-gia-to-diastima-18-20-12-2020,,
19/12/2020,https://eody.gov.gr/wp-content/uploads/2020/12/covid-gr-daily-report-20201219.pdf,,,,
18/12/2020,https://eody.gov.gr/wp-content/uploads/2020/12/covid-gr-daily-report-20201218.pdf,https://www.youtube.com/watch?v=Jeh9qGt5V2k,,,https://www.clipnews.gr/coronavirus-report-18-12-2020/
17/12/2020,https://eody.gov.gr/wp-content/uploads/2020/12/covid-gr-daily-report-20201217.pdf,https://www.youtube.com/watch?v=xaglJMtQpec,https://aead.gr/press/press-releases/apotimhsh-elegxwn-covid-19-gia-thn-pempti-17-12-2020,https://covid19.gov.gr/27i-ekthesi-proodou-paratiritiriou/,
16/12/2020,https://eody.gov.gr/wp-content/uploads/2020/12/covid-gr-daily-report-20201216.pdf,,https://aead.gr/press/press-releases/apotimhsh-elegxwn-covid-19-gia-thn-tetarti-16-12-2020,,
15/12/2020,https://eody.gov.gr/wp-content/uploads/2020/12/covid-gr-daily-report-20201215.pdf,,https://aead.gr/press/press-releases/apotimhsh-elegxwn-covid-19-gia-thn-triti-15-12-2020,,
14/12/2020,https://eody.gov.gr/wp-content/uploads/2020/12/covid-gr-daily-report-20201214.pdf,https://www.youtube.com/watch?v=FOGUvMY5CAg,https://aead.gr/press/press-releases/apotimhsh-elegxwn-covid-19-gia-th-deytera-14-12-2020,,
13/12/2020,https://eody.gov.gr/wp-content/uploads/2020/12/covid-gr-daily-report-20201213.pdf,,https://aead.gr/press/press-releases/apotimhsh-elegxwn-covid-19-gia-to-diastima-11-13-12-2020,,
12/12/2020,https://eody.gov.gr/wp-content/uploads/2020/12/covid-gr-daily-report-20201212.pdf,,,,
11/12/2020,https://eody.gov.gr/wp-content/uploads/2020/12/covid-gr-daily-report-20201211.pdf,https://www.youtube.com/watch?v=kZX_T_F_8jA,,,https://www.clipnews.gr/coronavirus-report-11-12-2020-2/
10/12/2020,https://eody.gov.gr/wp-content/uploads/2020/12/covid-gr-daily-report-20201210.pdf,,https://aead.gr/press/press-releases/apotimhsh-elegxwn-covid-19-gia-thn-pempti-10-12-2020,,
09/12/2020,https://eody.gov.gr/wp-content/uploads/2020/12/covid-gr-daily-report-20201209.pdf,,https://aead.gr/press/press-releases/apotimhsh-elegxwn-covid-19-gia-thn-tetarti-7-12-2020,,
08/12/2020,https://eody.gov.gr/wp-content/uploads/2020/12/covid-gr-daily-report-20201208.pdf,,https://aead.gr/press/press-releases/apotimhsh-elegxwn-covid-19-gia-thn-triti-8-12-2020,https://covid19.gov.gr/26i-ekthesi-proodou-paratiritiriou/,
07/12/2020,https://eody.gov.gr/wp-content/uploads/2020/12/covid-gr-daily-report-20201207.pdf,https://www.youtube.com/watch?v=Jt0gsXCWl7E,https://aead.gr/press/press-releases/apotimhsh-elegxwn-covid-19-gia-th-deutera-7-12-2020-202,,
06/12/2020,https://eody.gov.gr/wp-content/uploads/2020/12/covid-gr-daily-report-20201206.pdf,,https://aead.gr/press/press-releases/apotimhsh-elegxwn-covid-19-gia-to-diastima-04-06-12-2020,,
05/12/2020,https://eody.gov.gr/wp-content/uploads/2020/12/covid-gr-daily-report-20201205.pdf,,,,
04/12/2020,https://eody.gov.gr/wp-content/uploads/2020/12/covid-gr-daily-report-20201204.pdf,https://www.youtube.com/watch?v=HlgV0HcgWVI,,,https://www.clipnews.gr/coronavirus-report-04-12-2020/
03/12/2020,https://eody.gov.gr/wp-content/uploads/2020/12/covid-gr-daily-report-20201203.pdf,,https://aead.gr/press/press-releases/apotimhsh-elegxwn-covid-19-gia-thn-pempti-03-12-2020,,
02/12/2020,https://eody.gov.gr/wp-content/uploads/2020/12/covid-gr-daily-report-20201202.pdf,,https://aead.gr/press/press-releases/apotimhsh-elegxwn-covid-19-gia-thn-tetarti-02-12-2020,,
01/12/2020,https://eody.gov.gr/wp-content/uploads/2020/12/covid-gr-daily-report-20201201.pdf,,https://aead.gr/press/press-releases/apotimhsh-elegxwn-covid-19-gia-thn-triti-01-12-2020,https://covid19.gov.gr/pliroforisi-gia-tin-efarmogi-ton-metron-prostasias-tis-dimosias-ygeias-kai-tin-epanekkinisi-tis-oikonomias/,
30/11/2020,https://eody.gov.gr/wp-content/uploads/2020/11/covid-gr-daily-report-20201130.pdf,https://www.youtube.com/watch?v=eZ3CIUfwz9Y,,,
29/11/2020,https://eody.gov.gr/wp-content/uploads/2020/11/covid-gr-daily-report-20201129.pdf,,https://aead.gr/press/press-releases/apotimhsh-elegxwn-covid-19-gia-to-diastima-27-29-11-2020,,
28/11/2020,https://eody.gov.gr/wp-content/uploads/2020/11/covid-gr-daily-report-20201128.pdf,,,,
27/11/2020,https://eody.gov.gr/wp-content/uploads/2020/11/covid-gr-daily-report-20201127.pdf,https://www.youtube.com/watch?v=2q8CNPH7TK4,,,https://www.clipnews.gr/coronavirus-report-27-11-2020-2/
26/11/2020,https://eody.gov.gr/wp-content/uploads/2020/11/covid-gr-daily-report-20201126.pdf,,https://aead.gr/press/press-releases/apotimhsh-elegxwn-covid-19-gia-thn-pempti-26-11-2020,,
25/11/2020,https://eody.gov.gr/wp-content/uploads/2020/11/covid-gr-daily-report-20201125.pdf,,https://aead.gr/press/press-releases/apotimhsh-elegxwn-covid-19-gia-thn-tetarti-25-11-2020,https://covid19.gov.gr/24i-ekthesi-proodou-paratiritiriou/,
24/11/2020,https://eody.gov.gr/wp-content/uploads/2020/11/covid-gr-daily-report-20201124.pdf,,https://aead.gr/press/press-releases/apotimhsh-elegxwn-covid-19-gia-thn-trith-24-11-2020,,
23/11/2020,https://eody.gov.gr/wp-content/uploads/2020/11/covid-gr-daily-report-20201123.pdf,https://www.youtube.com/watch?v=5mhNS5KICCg,https://aead.gr/press/press-releases/apotimhsh-elegxwn-covid-19-gia-th-deutera-23-11-2020,,
22/11/2020,https://eody.gov.gr/wp-content/uploads/2020/11/covid-gr-daily-report-20201122.pdf,,https://aead.gr/press/press-releases/apotimhsh-elegxwn-covid-19-gia-to-diasthma-20-22-11-2020,,
21/11/2020,https://eody.gov.gr/wp-content/uploads/2020/11/covid-gr-daily-report-20201121.pdf,,,,
20/11/2020,https://eody.gov.gr/wp-content/uploads/2020/11/covid-gr-daily-report-20201120.pdf,https://www.youtube.com/watch?v=fl6CKKUxPZU,,,https://www.clipnews.gr/coronavirus-report-20-11-2020/
19/11/2020,https://eody.gov.gr/wp-content/uploads/2020/11/covid-gr-daily-report-20201119.pdf,,https://aead.gr/press/press-releases/apotimhsh-elegxwn-covid-19-gia-thn-pempth-19-11-2020,https://covid19.gov.gr/23i-ekthesi-proodou-paratiritiriou/,
18/11/2020,https://eody.gov.gr/wp-content/uploads/2020/11/covid-gr-daily-report-20201118.pdf,https://www.youtube.com/watch?v=D36ppre2kWA,https://aead.gr/press/press-releases/apotimhsh-elegxwn-covid-19-gia-thn-tetarti-18-11-2020,,
17/11/2020,https://eody.gov.gr/wp-content/uploads/2020/11/covid-gr-daily-report-20201117.pdf,,https://aead.gr/press/press-releases/apotimhsh-elegxwn-covid-19-gia-thn-trith-17-11-2020,,
16/11/2020,https://eody.gov.gr/wp-content/uploads/2020/11/covid-gr-daily-report-20201116.pdf,https://www.youtube.com/watch?v=keV-QIk1Cwg,https://aead.gr/press/press-releases/apotimhsh-elegxwn-covid-19-gia-th-deutera-16-11-2020,,
15/11/2020,https://eody.gov.gr/wp-content/uploads/2020/11/covid-gr-daily-report-20201115.pdf,,,,
14/11/2020,https://eody.gov.gr/wp-content/uploads/2020/11/covid-gr-daily-report-20201114.pdf,https://www.youtube.com/watch?v=g2CZLvolyhg,https://aead.gr/press/press-releases/apotimhsh-elegxwn-covid-19-gia-to-savvato-14-11-2020,,
13/11/2020,https://eody.gov.gr/wp-content/uploads/2020/11/covid-gr-daily-report-20201113.pdf,https://www.youtube.com/watch?v=3F1Bx1brtcQ,https://aead.gr/press/press-releases/apotimhsh-elegxwn-covid-19-gia-thn-paraskeuh-13-11-2020,,https://www.clipnews.gr/coronavirus-report-13-11-2020-2/
12/11/2020,https://eody.gov.gr/wp-content/uploads/2020/11/covid-gr-daily-report-20201112.pdf,,https://aead.gr/press/press-releases/apotimhsh-elegxwn-covid-19-gia-thn-pempth-12-11-2020,,
11/11/2020,https://eody.gov.gr/wp-content/uploads/2020/11/covid-gr-daily-report-20201111.pdf,,https://aead.gr/press/press-releases/apotimhsh-elegxwn-covid-19-gia-thn-tetarti-11-11-2020,,
10/11/2020,https://eody.gov.gr/wp-content/uploads/2020/11/covid-gr-daily-report-20201110.pdf,https://www.youtube.com/watch?v=M6cHl49gwf0,https://aead.gr/press/press-releases/apotimhsh-elegxwn-covid-19-gia-thn-trith-10-11-2020,https://covid19.gov.gr/22i-ekthesi-proodou-paratiritiriou/,
09/11/2020,https://eody.gov.gr/wp-content/uploads/2020/11/covid-gr-daily-report-20201109.pdf,https://www.youtube.com/watch?v=Uqo-sfnnLn0,https://aead.gr/press/press-releases/apotimisi-eleghon-covid-20021109,,
08/11/2020,https://eody.gov.gr/wp-content/uploads/2020/11/covid-gr-daily-report-20201108.pdf,,https://aead.gr/press/press-releases/apotimhsh-elegxwn-covid-19,,
07/11/2020,https://eody.gov.gr/wp-content/uploads/2020/11/covid-gr-daily-report-20201107.pdf,,,,
06/11/2020,https://eody.gov.gr/wp-content/uploads/2020/11/covid-gr-daily-report-20201106.pdf,,,,https://www.clipnews.gr/coronavirus-report-06-11-2020/
05/11/2020,https://eody.gov.gr/wp-content/uploads/2020/11/covid-gr-daily-report-20201105.pdf,,,,
04/11/2020,https://eody.gov.gr/wp-content/uploads/2020/11/covid-gr-daily-report-20201104.pdf,,,,
03/11/2020,https://eody.gov.gr/wp-content/uploads/2020/11/covid-gr-daily-report-20201103.pdf,,,,
02/11/2020,https://eody.gov.gr/wp-content/uploads/2020/11/covid-gr-daily-report-20201102.pdf,,,https://covid19.gov.gr/21i-ekthesi-proodou-paratiritiriou/,
01/11/2020,https://eody.gov.gr/wp-content/uploads/2020/11/covid-gr-daily-report-20201101.pdf,,,,
31/10/2020,https://eody.gov.gr/wp-content/uploads/2020/10/covid-gr-daily-report-20201031.pdf,,,,
30/10/2020,https://eody.gov.gr/wp-content/uploads/2020/10/covid-gr-daily-report-20201030.pdf,,,,https://www.clipnews.gr/coronavirus-report-30-10-2020-2/
29/10/2020,https://eody.gov.gr/wp-content/uploads/2020/10/covid-gr-daily-report-20201029.pdf,,,,
28/10/2020,https://eody.gov.gr/wp-content/uploads/2020/10/covid-gr-daily-report-20201028.pdf,,,,
27/10/2020,https://eody.gov.gr/wp-content/uploads/2020/10/covid-gr-daily-report-20201027.pdf,,,,
26/10/2020,https://eody.gov.gr/wp-content/uploads/2020/10/covid-gr-daily-report-20201026.pdf,,,https://covid19.gov.gr/20i-ekthesi-proodou-paratiritiriou/,
25/10/2020,https://eody.gov.gr/wp-content/uploads/2020/10/covid-gr-daily-report-20201025.pdf,,,,
24/10/2020,https://eody.gov.gr/wp-content/uploads/2020/10/covid-gr-daily-report-20201024.pdf,,,,
23/10/2020,https://eody.gov.gr/wp-content/uploads/2020/10/covid-gr-daily-report-20201023.pdf,,,,https://www.clipnews.gr/coronavirus-report-23-10-2020/
22/10/2020,https://eody.gov.gr/wp-content/uploads/2020/10/covid-gr-daily-report-20201022.pdf,,,,
21/10/2020,https://eody.gov.gr/wp-content/uploads/2020/10/covid-gr-daily-report-20201021.pdf,,,,
20/10/2020,https://eody.gov.gr/wp-content/uploads/2020/10/covid-gr-daily-report-20201020.pdf,,,,
19/10/2020,https://eody.gov.gr/wp-content/uploads/2020/10/covid-gr-daily-report-20201019.pdf,,,https://covid19.gov.gr/19i-ekthesi-proodou-paratiritiriou/,
18/10/2020,https://eody.gov.gr/wp-content/uploads/2020/10/covid-gr-daily-report-20201018.pdf,,,,
17/10/2020,https://eody.gov.gr/wp-content/uploads/2020/10/covid-gr-daily-report-20201017.pdf,,,,
16/10/2020,https://eody.gov.gr/wp-content/uploads/2020/10/covid-gr-daily-report-20201016.pdf,,,,https://www.clipnews.gr/coronavirus-report-16-10-2020-2/
15/10/2020,https://eody.gov.gr/wp-content/uploads/2020/10/covid-gr-daily-report-20201015.pdf,,,,
14/10/2020,https://eody.gov.gr/wp-content/uploads/2020/10/covid-gr-daily-report-20201014.pdf,,,,
13/10/2020,https://eody.gov.gr/wp-content/uploads/2020/10/covid-gr-daily-report-20201013.pdf,,,,
12/10/2020,https://eody.gov.gr/wp-content/uploads/2020/10/covid-gr-daily-report-20201012.pdf,,,,
11/10/2020,https://eody.gov.gr/wp-content/uploads/2020/10/covid-gr-daily-report-20201011.pdf,,,https://covid19.gov.gr/18i-ekthesi-proodou-paratiritiriou/,
10/10/2020,https://eody.gov.gr/wp-content/uploads/2020/10/covid-gr-daily-report-20201010.pdf,,,,
09/10/2020,https://eody.gov.gr/wp-content/uploads/2020/10/covid-gr-daily-report-20201009.pdf,,,,https://www.clipnews.gr/coronavirus-report-09-10-2020/
08/10/2020,https://eody.gov.gr/wp-content/uploads/2020/10/covid-gr-daily-report-20201008.pdf,,,,
07/10/2020,https://eody.gov.gr/wp-content/uploads/2020/10/covid-gr-daily-report-20201007.pdf,,,,
06/10/2020,https://eody.gov.gr/wp-content/uploads/2020/10/covid-gr-daily-report-20201006.pdf,,,,
05/10/2020,https://eody.gov.gr/wp-content/uploads/2020/10/covid-gr-daily-report-20201005.pdf,,,,
04/10/2020,https://eody.gov.gr/wp-content/uploads/2020/10/covid-gr-daily-report-20201004.pdf,,,,
03/10/2020,https://eody.gov.gr/wp-content/uploads/2020/10/covid-gr-daily-report-20201003.pdf,,,,
02/10/2020,https://eody.gov.gr/wp-content/uploads/2020/10/covid-gr-daily-report-20201002.pdf,,,https://covid19.gov.gr/17i-ekthesi-proodou-paratiritiriou/,https://www.clipnews.gr/coronavirus-report-02-10-2020-2/
01/10/2020,https://eody.gov.gr/wp-content/uploads/2020/10/covid-gr-daily-report-20201001.pdf,,,,
30/09/2020,https://eody.gov.gr/wp-content/uploads/2020/09/covid-gr-daily-report-30-09-2020.pdf,,,,
29/09/2020,https://eody.gov.gr/wp-content/uploads/2020/09/covid-gr-daily-report-29-09-20.pdf,,,https://covid19.gov.gr/16i-ekthesi-proodou-paratiritiriou/,
28/09/2020,https://eody.gov.gr/wp-content/uploads/2020/09/covid-gr-daily-report-28-09-2020.pdf,,,,
27/09/2020,https://eody.gov.gr/wp-content/uploads/2020/09/covid-gr-daily-report-27-09-2020.pdf,https://www.youtube.com/watch?v=WG-j49nLcAU,,,
26/09/2020,https://eody.gov.gr/wp-content/uploads/2020/09/covid-gr-daily-report-26-09-2020.pdf,,,,
25/09/2020,https://eody.gov.gr/wp-content/uploads/2020/09/covid-gr-daily-report-25-09-2020.pdf,,,,https://www.clipnews.gr/coronavirus-report-25-09-2020/
24/09/2020,https://eody.gov.gr/wp-content/uploads/2020/09/covid-gr-daily-report-24-09-2020.pdf,,,,
23/09/2020,https://eody.gov.gr/wp-content/uploads/2020/09/covid-gr-daily-report-23-09-2020.pdf,,,,
22/09/2020,https://eody.gov.gr/wp-content/uploads/2020/09/covid-gr-daily-report-22-09-2020.pdf,,,,
21/09/2020,https://eody.gov.gr/wp-content/uploads/2020/09/covid-gr-daily-report-21-09-2020.pdf,,,,
20/09/2020,https://eody.gov.gr/wp-content/uploads/2020/09/covid-gr-daily-report-20-09-2020.pdf,,,,
19/09/2020,https://eody.gov.gr/wp-content/uploads/2020/09/covid-gr-daily-report-19-09-2020.pdf,,,,
18/09/2020,https://eody.gov.gr/wp-content/uploads/2020/09/covid-gr-daily-report-18-09-2020.pdf,https://www.youtube.com/watch?v=LpKkVdRlsfY,,https://covid19.gov.gr/15i-ekthesi-proodou-paratiritiriou/,https://www.clipnews.gr/coronavirus-report-18-09-2020/
17/09/2020,https://eody.gov.gr/wp-content/uploads/2020/09/covid-gr-daily-report-17-09-2020.pdf,,,,
16/09/2020,https://eody.gov.gr/wp-content/uploads/2020/09/covid-gr-daily-report-16-09-2020.pdf,,,,
15/09/2020,https://eody.gov.gr/wp-content/uploads/2020/09/covid-daily-report-15-9-20-1.pdf,https://www.youtube.com/watch?v=pIaHgv89ndo,,,
14/09/2020,https://eody.gov.gr/wp-content/uploads/2020/09/covid-daily-report-14-09-2020-1.pdf,,,https://covid19.gov.gr/14i-ekthesi-proodou-paratiritiriou/,
13/09/2020,https://eody.gov.gr/wp-content/uploads/2020/09/covid-gr-daily-report-13-09-2020.pdf,,,,
12/09/2020,https://eody.gov.gr/wp-content/uploads/2020/09/covid-gr-daily-report-12-09-2020.pdf,,,,
11/09/2020,https://eody.gov.gr/wp-content/uploads/2020/09/covid-gr-daily-report-11-09-2020.pdf,,,,https://www.clipnews.gr/coronavirus-report-11-09-2020-2/
10/09/2020,https://eody.gov.gr/wp-content/uploads/2020/09/covid-gr-daily-report-10-09-20.pdf,,,,
09/09/2020,https://eody.gov.gr/wp-content/uploads/2020/09/covid-gr-daily-report-20200909.pdf,,,,
08/09/2020,https://eody.gov.gr/wp-content/uploads/2020/09/covid-gr-daily-report-08-09-2020-2.pdf,,,,
07/09/2020,https://eody.gov.gr/wp-content/uploads/2020/09/covid-gr-daily-report-07-09-2020.pdf,,,,
06/09/2020,https://eody.gov.gr/wp-content/uploads/2020/09/covid-gr-daily-report-06-09-2020.pdf,,,,
05/09/2020,https://eody.gov.gr/wp-content/uploads/2020/09/covid-gr-daily-report-05-09-2020.pdf,,,,
04/09/2020,https://eody.gov.gr/wp-content/uploads/2020/09/covid-gr-daily-report-04-09-2020.pdf,,,https://covid19.gov.gr/13i-ekthesi-proodou-paratiritiriou/,https://www.clipnews.gr/coronavirus-report-04-09-2020/
03/09/2020,https://eody.gov.gr/wp-content/uploads/2020/09/covid-gr-daily-report-20200903.pdf,,,,
02/09/2020,https://eody.gov.gr/wp-content/uploads/2020/09/covid-gr-daily-report-02-09-2020.pdf,,,,
01/09/2020,https://eody.gov.gr/wp-content/uploads/2020/09/covid-gr-daily-report-20200901.pdf,https://www.youtube.com/watch?v=WK009Jbri5g,,,
31/08/2020,https://eody.gov.gr/wp-content/uploads/2020/08/covid-gr-daily-report-20200831.pdf,,,,
30/08/2020,https://eody.gov.gr/wp-content/uploads/2020/08/covid-gr-daily-report-20200830.pdf,,,,
29/08/2020,https://eody.gov.gr/wp-content/uploads/2020/08/covid-gr-daily-report-29-08-2020.pdf,,,,
28/08/2020,https://eody.gov.gr/wp-content/uploads/2020/08/covid-gr-daily-report-28-08-2020.pdf,https://www.youtube.com/watch?v=To8n1V_KobI,,https://covid19.gov.gr/12i-ekthesi-proodou-paratiritiriou/,https://www.clipnews.gr/coronavirus-report-28-08-2020-2/
27/08/2020,https://eody.gov.gr/wp-content/uploads/2020/08/covid-gr-daily-report-27-08-2020.pdf,,,,
26/08/2020,https://eody.gov.gr/wp-content/uploads/2020/08/covid-gr-daily-report-20200826.pdf,,,,
25/08/2020,https://eody.gov.gr/wp-content/uploads/2020/08/covid-gr-daily-report-25-08-2020.pdf,https://www.youtube.com/watch?v=QBhYjtIwGl8,,,
24/08/2020,https://eody.gov.gr/wp-content/uploads/2020/08/covid-gr-daily-report-24-08-2020.pdf,,,,
23/08/2020,https://eody.gov.gr/wp-content/uploads/2020/08/covid-gr-daily-report-23-08-2020.pdf,,,,
22/08/2020,https://eody.gov.gr/wp-content/uploads/2020/08/covid-daily-report-22-08-2020.pdf,,,,
21/08/2020,https://eody.gov.gr/wp-content/uploads/2020/08/covid-gr-daily-report-21-08-2020.pdf,,,https://covid19.gov.gr/11i-ekthesi-proodou-paratiritiriou/,https://www.clipnews.gr/coronavirus-report-21-08-2020/
20/08/2020,https://eody.gov.gr/wp-content/uploads/2020/08/covid-gr-daily-report-20-08-2020.pdf,,,,
19/08/2020,https://eody.gov.gr/wp-content/uploads/2020/08/covid-gr-daily-report-19-08-2020.pdf,,,,
18/08/2020,https://eody.gov.gr/wp-content/uploads/2020/08/covid-gr-daily-report-18-08-2020.pdf,,,,
17/08/2020,https://eody.gov.gr/wp-content/uploads/2020/08/covid-gr-daily-report-17-08-2020.pdf,,,,
16/08/2020,https://eody.gov.gr/wp-content/uploads/2020/08/covid-gr-daily-report-16-08-2020.pdf,,,,
15/08/2020,https://eody.gov.gr/wp-content/uploads/2020/08/covid-gr-daily-report-15-08-2020.pdf,,,,
14/08/2020,https://eody.gov.gr/wp-content/uploads/2020/08/covid-gr-daily-report-14-08-2020.pdf,,,,https://www.clipnews.gr/coronavirus-report-14-08-2020-2/
13/08/2020,https://eody.gov.gr/wp-content/uploads/2020/08/covid-gr-daily-report-20200813.pdf,,,,
12/08/2020,https://eody.gov.gr/wp-content/uploads/2020/08/covid-gr-daily-report-20200812.pdf,,,https://covid19.gov.gr/10i-ekthesi-proodou-paratiritiriou/,
11/08/2020,https://eody.gov.gr/wp-content/uploads/2020/08/covid-gr-daily-report-20200811.pdf,,,,
10/08/2020,https://eody.gov.gr/wp-content/uploads/2020/08/covid-gr-daily-report-20200810.pdf,,,,
09/08/2020,https://eody.gov.gr/wp-content/uploads/2020/08/covid-gr-daily-report-20200809.pdf,,,,
08/08/2020,https://eody.gov.gr/wp-content/uploads/2020/08/covid-gr-daily-report-20200808.pdf,,,,
07/08/2020,https://eody.gov.gr/wp-content/uploads/2020/08/covid-gr-daily-report-20200807.pdf,,,,https://www.clipnews.gr/coronavirus-report-07-08-2020/
06/08/2020,https://eody.gov.gr/wp-content/uploads/2020/08/covid-gr-daily-report-20200806.pdf,,,,
05/08/2020,https://eody.gov.gr/wp-content/uploads/2020/08/covid-gr-daily-report-20200805.pdf,,,,
04/08/2020,https://eody.gov.gr/wp-content/uploads/2020/08/covid-gr-daily-report-20200804.pdf,https://www.youtube.com/watch?v=i0K8-ws_TEs&list=PLZ-RvHUYHaE1qpGDeY5A9fRU3UgwBDpSd&index=2,,,
03/08/2020,https://eody.gov.gr/wp-content/uploads/2020/08/covid-gr-daily-report-20200803.pdf,,,,
02/08/2020,https://eody.gov.gr/wp-content/uploads/2020/08/covid-gr-daily-report-20200802.pdf,,,,
01/08/2020,https://eody.gov.gr/wp-content/uploads/2020/08/covid-gr-daily-report-20200801.pdf,,,,
31/07/2020,https://eody.gov.gr/wp-content/uploads/2020/07/covid-gr-daily-report-2.pdf,,,,https://www.clipnews.gr/coronavirus-report-31-07-2020-2/
30/07/2020,https://eody.gov.gr/wp-content/uploads/2020/07/covid-gr-daily-report-20200730.pdf,,,,
29/07/2020,https://eody.gov.gr/wp-content/uploads/2020/07/covid-gr-daily-report-20200729.pdf,,,,
28/07/2020,https://eody.gov.gr/wp-content/uploads/2020/07/covid-gr-daily-report-20200728.pdf,,,,
27/07/2020,https://eody.gov.gr/wp-content/uploads/2020/07/covid-gr-daily-report-20200727.pdf,,,,
26/07/2020,https://eody.gov.gr/wp-content/uploads/2020/07/covid-gr-daily-report-20200726.pdf,,,,
25/07/2020,https://eody.gov.gr/wp-content/uploads/2020/07/covid-gr-daily-report.pdf,,,,
24/07/2020,https://eody.gov.gr/wp-content/uploads/2020/07/covid-gr-daily-report-20200724.pdf,,,,https://www.clipnews.gr/coronavirus-report-24-07-2020/
23/07/2020,https://eody.gov.gr/wp-content/uploads/2020/07/covid-gr-daily-report-20200723.pdf,,,,
22/07/2020,https://eody.gov.gr/wp-content/uploads/2020/07/covid-gr-daily-report-20200722.pdf,,,https://covid19.gov.gr/9i-ekthesi-proodou-paratiritiriou/,
21/07/2020,https://eody.gov.gr/wp-content/uploads/2020/07/covid-gr-daily-report-20200721.v1.pdf,,,,
20/07/2020,https://eody.gov.gr/wp-content/uploads/2020/07/covid-gr-daily-report-20200720-1.pdf,,,,
19/07/2020,https://eody.gov.gr/wp-content/uploads/2020/07/covid-gr-daily-report-20200719-new-1-1.pdf,,,,
18/07/2020,https://eody.gov.gr/wp-content/uploads/2020/07/covid-gr-daily-report-20200718.pdf,,,,
17/07/2020,https://eody.gov.gr/wp-content/uploads/2020/07/%CE%97%CE%9C%CE%95%CE%A1%CE%97%CE%A3%CE%99%CE%91-%CE%95%CE%9A%CE%98%CE%95%CE%A3%CE%97-COVID-19_17.07.2020.pdf,,,,https://www.clipnews.gr/coronavirus-report-17-07-2020-2/
16/07/2020,https://eody.gov.gr/wp-content/uploads/2020/07/daily_report_COVID-19_16.07.2020.pdf,,,,
15/07/2020,https://eody.gov.gr/wp-content/uploads/2020/07/daily-report-COVID-19_15.07.2020.pdf,,,,
14/07/2020,https://eody.gov.gr/wp-content/uploads/2020/07/covid-gr-daily-report-20200714-1.pdf,,,,
13/07/2020,https://eody.gov.gr/wp-content/uploads/2020/07/covid-gr-daily-report-20200713-1.pdf,,,,
12/07/2020,https://eody.gov.gr/wp-content/uploads/2020/07/covid-gr-daily-report-20200712.pdf,,,,
11/07/2020,https://eody.gov.gr/wp-content/uploads/2020/07/covid-gr-daily-report-20200711.pdf,,,https://covid19.gov.gr/8i-ekthesi-proodou-paratiritiriou/,
10/07/2020,https://eody.gov.gr/wp-content/uploads/2020/07/covid-gr-daily-report-20200710.pdf,,,,https://www.clipnews.gr/coronavirus-report-10-07-2020/
09/07/2020,https://eody.gov.gr/wp-content/uploads/2020/07/covid-gr-daily-report-20200709.pdf,,,,
08/07/2020,https://eody.gov.gr/wp-content/uploads/2020/07/covid-gr-daily-report-20200708.pdf,,,,
07/07/2020,https://eody.gov.gr/wp-content/uploads/2020/07/covid-gr-daily-report-20200707.pdf,,,,
06/07/2020,https://eody.gov.gr/wp-content/uploads/2020/07/covid-gr-daily-report-20200706.pdf,,,,
05/07/2020,https://eody.gov.gr/wp-content/uploads/2020/07/covid-gr-daily-report-20200705.pdf,,,,
04/07/2020,https://eody.gov.gr/wp-content/uploads/2020/07/covid-gr-daily-report-20200704.pdf,,,https://covid19.gov.gr/7i-ekthesi-proodou-paratiritiriou/,
03/07/2020,https://eody.gov.gr/wp-content/uploads/2020/07/covid-gr-daily-report-20200703.pdf,,,,https://www.clipnews.gr/coronavirus-report-03-07-2020-2/
02/07/2020,https://eody.gov.gr/wp-content/uploads/2020/07/covid-gr-daily-report-20200702.pdf,,,,
01/07/2020,https://eody.gov.gr/wp-content/uploads/2020/07/covid-gr-daily-report-20200701.pdf,,,,
30/06/2020,https://eody.gov.gr/wp-content/uploads/2020/06/covid-gr-daily-report-20200630.pdf,,,,
29/06/2020,https://eody.gov.gr/wp-content/uploads/2020/06/covid-gr-daily-report-20200629.pdf,,,,
28/06/2020,https://eody.gov.gr/wp-content/uploads/2020/06/covid-gr-daily-report-20200628.pdf,,,,
27/06/2020,https://eody.gov.gr/wp-content/uploads/2020/06/covid-gr-daily-report-20200627.pdf,,,,
26/06/2020,https://eody.gov.gr/wp-content/uploads/2020/06/covid-gr-daily-report-20200626.pdf,,,https://covid19.gov.gr/6i-ekthesi-proodou-paratiritiriou/,https://www.clipnews.gr/coronavirus-report-26-06-2020/
25/06/2020,https://eody.gov.gr/wp-content/uploads/2020/06/covid-gr-daily-report-20200625.pdf,,,,
24/06/2020,https://eody.gov.gr/wp-content/uploads/2020/06/covid-gr-daily-report-20200624.pdf,,,,
23/06/2020,https://eody.gov.gr/wp-content/uploads/2020/06/covid-gr-daily-report-20200623.pdf,,,,
22/06/2020,https://eody.gov.gr/wp-content/uploads/2020/06/covid-gr-daily-report-20200622.pdf,,,,
21/06/2020,https://eody.gov.gr/wp-content/uploads/2020/06/covid-gr-daily-report-20200621.pdf,,,,
20/06/2020,https://eody.gov.gr/wp-content/uploads/2020/06/covid-gr-daily-report-20200620.pdf,,,,
19/06/2020,https://eody.gov.gr/wp-content/uploads/2020/06/covid-gr-daily-report-20200619.pdf,,,https://covid19.gov.gr/5i-ekthesi-kyvernitikis-epitropis/,https://www.clipnews.gr/coronavirus-report-19-06-2020-3/
18/06/2020,https://eody.gov.gr/wp-content/uploads/2020/06/covid-gr-daily-report-20200618.pdf,,,,
17/06/2020,https://eody.gov.gr/wp-content/uploads/2020/06/covid-gr-daily-report-20200617-1.pdf,,,,
16/06/2020,https://eody.gov.gr/wp-content/uploads/2020/06/covid-gr-daily-report-20200616.pdf,,,https://covid19.gov.gr/4i-ekthesi-kyvernitikis-epitropis/,
15/06/2020,https://eody.gov.gr/wp-content/uploads/2020/06/covid-gr-daily-report-20200615.pdf,,,,
14/06/2020,https://eody.gov.gr/wp-content/uploads/2020/06/covid-gr-daily-report-20200614.pdf,,,,
13/06/2020,https://eody.gov.gr/wp-content/uploads/2020/06/covid-gr-daily-report-20200613.pdf,,,,
12/06/2020,https://eody.gov.gr/wp-content/uploads/2020/06/covid-gr-daily-report-20200612.pdf,,,,https://www.clipnews.gr/coronavirus-report-12-06-2020/
11/06/2020,https://eody.gov.gr/wp-content/uploads/2020/06/covid-gr-daily-report-20200611.pdf,,,,
10/06/2020,https://eody.gov.gr/wp-content/uploads/2020/06/covid-gr-daily-report-20200610.pdf,,,,
09/06/2020,https://eody.gov.gr/wp-content/uploads/2020/06/covid-gr-daily-report-20200609.pdf,,,https://covid19.gov.gr/3i-ekthesi-kyvernitikis-epitropis/,
08/06/2020,https://eody.gov.gr/wp-content/uploads/2020/06/covid-gr-daily-report-20200608.pdf,,,,
07/06/2020,,,,,
06/06/2020,,,,,
05/06/2020,,,,,https://www.clipnews.gr/coronavirus-report-05-06-2020-2/
04/06/2020,https://eody.gov.gr/wp-content/uploads/2020/06/covid-gr-report-20200604.pdf,,,,
03/06/2020,,,,,
02/06/2020,https://eody.gov.gr/wp-content/uploads/2020/06/covid-gr-daily-report-20200602.pdf,,,,
01/06/2020,https://eody.gov.gr/wp-content/uploads/2020/06/covid-gr-daily-report-20200601.pdf,,,,
31/05/2020,https://eody.gov.gr/wp-content/uploads/2020/05/covid-gr-daily-report-20200531.pdf,,,,
30/05/2020,https://eody.gov.gr/wp-content/uploads/2020/05/covid-gr-daily-report-20200530.pdf,,,,
29/05/2020,https://eody.gov.gr/wp-content/uploads/2020/05/covid-gr-daily-report-20200529.pdf,,,https://covid19.gov.gr/2i-ekthesi-paratiritiriou-kyvernitikis-epitropis/ | https://covid19.gov.gr/1i-ekthesi-paratiritiriou-kyvernitikis-epitropis/,https://www.clipnews.gr/coronavirus-report-29-05-2020/
28/05/2020,https://eody.gov.gr/wp-content/uploads/2020/05/covid-gr-daily-report-20200528.pdf,,,,https://www.clipnews.gr/coronavirus-report-28-05-2020-2/
27/05/2020,https://eody.gov.gr/wp-content/uploads/2020/05/covid-gr-daily-report-20200527.pdf,,,,https://www.clipnews.gr/coronavirus-report-27-05-2020/
26/05/2020,https://eody.gov.gr/wp-content/uploads/2020/05/covid-gr-daily-report-20200526.pdf,https://www.youtube.com/watch?v=MML5MMQp79I&list=PLZ-RvHUYHaE1qpGDeY5A9fRU3UgwBDpSd&index=2,,,
25/05/2020,https://eody.gov.gr/wp-content/uploads/2020/05/covid-gr-daily-report-20200525.pdf,,,,https://www.clipnews.gr/coronavirus-report-25-05-2020/
24/05/2020,https://eody.gov.gr/wp-content/uploads/2020/05/covid-gr-daily-report-20200524.pdf,https://www.youtube.com/watch?v=_AmCiq9z_Lw&list=PLZ-RvHUYHaE1qpGDeY5A9fRU3UgwBDpSd&index=3,,,
23/05/2020,https://eody.gov.gr/wp-content/uploads/2020/05/covid-gr-daily-report-20200523.pdf,,,,
22/05/2020,https://eody.gov.gr/wp-content/uploads/2020/05/covid-gr-daily-report-20200522.pdf,,,,https://www.clipnews.gr/coronavirus-report-22-05-2020-2/
21/05/2020,https://eody.gov.gr/wp-content/uploads/2020/05/covid-gr-daily-report-20200521.pdf,https://www.youtube.com/watch?v=5-TQ9G0Q4KE&list=PLZ-RvHUYHaE1qpGDeY5A9fRU3UgwBDpSd&index=4,,,https://www.clipnews.gr/coronavirus-report-21-05-2020/
20/05/2020,https://eody.gov.gr/wp-content/uploads/2020/05/covid-gr-daily-report-20200520.pdf,,,,https://www.clipnews.gr/coronavirus-report-20-05-2020-2/
19/05/2020,https://eody.gov.gr/wp-content/uploads/2020/05/covid-gr-daily-report-20200519.pdf,https://www.youtube.com/watch?v=9J2zRz5X_GE&list=PLZ-RvHUYHaE1qpGDeY5A9fRU3UgwBDpSd&index=5,,,https://www.clipnews.gr/coronavirus-report-19-05-2020/
18/05/2020,https://eody.gov.gr/wp-content/uploads/2020/05/covid-gr-daily-report-20200518.pdf,,,,https://www.clipnews.gr/coronavirus-report-18-05-2020-2/
17/05/2020,https://eody.gov.gr/wp-content/uploads/2020/05/covid-gr-daily-report-20200517.pdf,https://www.youtube.com/watch?v=dcGP6b0Prk0&list=PLZ-RvHUYHaE1qpGDeY5A9fRU3UgwBDpSd&index=7,,,
16/05/2020,https://eody.gov.gr/wp-content/uploads/2020/05/covid-gr-daily-report-20200516.pdf,,,,
15/05/2020,https://eody.gov.gr/wp-content/uploads/2020/05/covid-gr-daily-report-20200515.pdf,https://www.youtube.com/watch?v=xrwsyWuf_QE&list=PLZ-RvHUYHaE1qpGDeY5A9fRU3UgwBDpSd&index=8,,,https://www.clipnews.gr/coronavirus-report-15-05-2020/
14/05/2020,https://eody.gov.gr/wp-content/uploads/2020/05/covid-gr-daily-report-20200514.pdf,https://www.youtube.com/watch?v=bz8zeZVTdW0&list=PLZ-RvHUYHaE1qpGDeY5A9fRU3UgwBDpSd&index=9,,,https://www.clipnews.gr/coronavirus-report-14-05-2020-2/
13/05/2020,https://eody.gov.gr/wp-content/uploads/2020/05/covid-gr-daily-report-20200513.pdf,,,,https://www.clipnews.gr/coronavirus-report-13-05-2020/
12/05/2020,https://eody.gov.gr/wp-content/uploads/2020/05/covid-gr-daily-report-20200512.pdf,https://www.youtube.com/watch?v=_WOfNuU4w-c&list=PLZ-RvHUYHaE1qpGDeY5A9fRU3UgwBDpSd&index=10,,,https://www.clipnews.gr/coronavirus-report-12-05-2020-2/
11/05/2020,https://eody.gov.gr/wp-content/uploads/2020/05/covid-gr-daily-report-20200511.pdf,,,,https://www.clipnews.gr/coronavirus-report-11-05-2020/
10/05/2020,https://eody.gov.gr/wp-content/uploads/2020/05/covid-gr-daily-report-20200510.pdf,https://www.youtube.com/watch?v=acnPFrgDLFg&list=PLZ-RvHUYHaE1qpGDeY5A9fRU3UgwBDpSd&index=13,,,https://www.clipnews.gr/coronavirus-report-10-05-2020-2/
09/05/2020,https://eody.gov.gr/wp-content/uploads/2020/05/covid-gr-daily-report-20200509.pdf,,,,https://www.clipnews.gr/coronavirus-report-09-05-2020/
08/05/2020,https://eody.gov.gr/wp-content/uploads/2020/05/covid-gr-daily-report-20200508.pdf,https://www.youtube.com/watch?v=C6DiJ6EJSHI&list=PLZ-RvHUYHaE1qpGDeY5A9fRU3UgwBDpSd&index=14,,,https://www.clipnews.gr/coronavirus-report-08-05-2020-2/
07/05/2020,https://eody.gov.gr/wp-content/uploads/2020/05/covid-gr-daily-report-20200507.pdf,https://www.youtube.com/watch?v=4WlKDdGqq1c&list=PLZ-RvHUYHaE1qpGDeY5A9fRU3UgwBDpSd&index=16,,,https://www.clipnews.gr/coronavirus-report-07-05-2020/
06/05/2020,https://eody.gov.gr/wp-content/uploads/2020/05/covid-gr-daily-report-20200506.pdf,https://www.youtube.com/watch?v=a-_8P6Pk9E8&list=PLZ-RvHUYHaE1qpGDeY5A9fRU3UgwBDpSd&index=17,,,https://www.clipnews.gr/coronavirus-report-06-05-2020-2/
05/05/2020,https://eody.gov.gr/wp-content/uploads/2020/05/covid-gr-daily-report-20200505.pdf,https://www.youtube.com/watch?v=9LT0cUwXWkw&list=PLZ-RvHUYHaE1qpGDeY5A9fRU3UgwBDpSd&index=18,,,https://www.clipnews.gr/coronavirus-report-05-05-2020/
04/05/2020,https://eody.gov.gr/wp-content/uploads/2020/05/covid-gr-daily-report-20200504.pdf,https://www.youtube.com/watch?v=fzZEcWPsDGw&list=PLZ-RvHUYHaE1qpGDeY5A9fRU3UgwBDpSd&index=19,,,https://www.clipnews.gr/coronavirus-report-04-05-2020-2/
03/05/2020,https://eody.gov.gr/wp-content/uploads/2020/05/covid-gr-daily-report-20200503.pdf,https://www.youtube.com/watch?v=lxYrdu5PBMU&list=PLZ-RvHUYHaE1qpGDeY5A9fRU3UgwBDpSd&index=20,,,https://www.clipnews.gr/coronavirus-report-03-05-2020/
02/05/2020,https://eody.gov.gr/wp-content/uploads/2020/05/covid-gr-daily-report-20200502.pdf,https://www.youtube.com/watch?v=LyhvlWZ76C0&list=PLZ-RvHUYHaE1qpGDeY5A9fRU3UgwBDpSd&index=23,,,https://www.clipnews.gr/coronavirus-report-02-05-2020-2/
01/05/2020,https://eody.gov.gr/wp-content/uploads/2020/05/covid-gr-daily-report-20200501.pdf,,,,
30/04/2020,https://eody.gov.gr/wp-content/uploads/2020/04/covid-gr-daily-report-20200430.pdf,https://www.youtube.com/watch?v=h5AeSDPL09g&list=PLZ-RvHUYHaE1qpGDeY5A9fRU3UgwBDpSd&index=21,,,https://www.clipnews.gr/coronavirus-report-30-04-2020-2/
29/04/2020,https://eody.gov.gr/wp-content/uploads/2020/04/covid-gr-daily-report-20200429.pdf,,,,https://www.clipnews.gr/coronavirus-report-29-04-2020/
28/04/2020,https://eody.gov.gr/wp-content/uploads/2020/04/covid-gr-daily-report-20200428.pdf,,,,https://www.clipnews.gr/coronavirus-report-28-04-2020/
27/04/2020,https://eody.gov.gr/wp-content/uploads/2020/04/covid-gr-daily-report-20200427.pdf,https://www.youtube.com/watch?v=YcEAS5-EL0w&list=PLZ-RvHUYHaE1qpGDeY5A9fRU3UgwBDpSd&index=25,,,https://www.clipnews.gr/coronavirus-report-27-04-2020-2/
26/04/2020,https://eody.gov.gr/wp-content/uploads/2020/04/covid-gr-daily-report-20200426.pdf,,,,https://www.clipnews.gr/coronavirus-report-26-04-2020/
25/04/2020,https://eody.gov.gr/wp-content/uploads/2020/04/covid-gr-daily-report-20200425.pdf,https://www.youtube.com/watch?v=hG-JiyyCBDs&list=PLZ-RvHUYHaE1qpGDeY5A9fRU3UgwBDpSd&index=26,,,https://www.clipnews.gr/coronavirus-report-25-04-2020-2/
24/04/2020,https://eody.gov.gr/wp-content/uploads/2020/04/covid-gr-daily-report-20200424.pdf,https://www.youtube.com/watch?v=wKwnfHcqW5Q&list=PLZ-RvHUYHaE1qpGDeY5A9fRU3UgwBDpSd&index=27,,,https://www.clipnews.gr/coronavirus-report-24-04-2020/
23/04/2020,https://eody.gov.gr/wp-content/uploads/2020/04/covid-gr-daily-report-20200423.pdf,,,,https://www.clipnews.gr/coronavirus-report-23-04-2020-2/
22/04/2020,https://eody.gov.gr/wp-content/uploads/2020/04/covid-gr-daily-report-20200422.pdf,https://www.youtube.com/watch?v=SY_uxH-8AoA&list=PLZ-RvHUYHaE1qpGDeY5A9fRU3UgwBDpSd&index=29,,,https://www.clipnews.gr/coronavirus-report-22-04-2020/
21/04/2020,https://eody.gov.gr/wp-content/uploads/2020/04/covid-gr-daily-report-20200421.pdf,,,,https://www.clipnews.gr/coronavirus-report-21-04-2020-2/
20/04/2020,https://eody.gov.gr/wp-content/uploads/2020/04/covid-gr-daily-report-20200420.pdf,https://www.youtube.com/watch?v=RK0M_eE3D2s&list=PLZ-RvHUYHaE1qpGDeY5A9fRU3UgwBDpSd&index=32,,,
19/04/2020,,,,,
18/04/2020,https://eody.gov.gr/wp-content/uploads/2020/04/covid-gr-daily-report-20200418.pdf,,,,
17/04/2020,https://eody.gov.gr/wp-content/uploads/2020/04/covid-gr-daily-report-20200417.pdf,,,,https://www.clipnews.gr/coronavirus-report-17-04-2020/
16/04/2020,https://eody.gov.gr/wp-content/uploads/2020/04/covid-gr-daily-report-20200416.pdf,,,,https://www.clipnews.gr/coronavirus-report-16-04-2020-2/
15/04/2020,https://eody.gov.gr/wp-content/uploads/2020/04/covid-gr-daily-report-20200415.pdf,https://www.youtube.com/watch?v=xBG6_HUwQeI&list=PLZ-RvHUYHaE1qpGDeY5A9fRU3UgwBDpSd&index=33,,,https://www.clipnews.gr/coronavirus-report-15-04-2020/
14/04/2020,https://eody.gov.gr/wp-content/uploads/2020/04/covid-gr-daily-report-20200414.pdf,https://www.youtube.com/watch?v=6HbbvaX6COQ&list=PLZ-RvHUYHaE1qpGDeY5A9fRU3UgwBDpSd&index=34,,,https://www.clipnews.gr/coronavirus-report-14-04-2020-2/
13/04/2020,https://eody.gov.gr/wp-content/uploads/2020/04/covid-gr-daily-report-20200413-1.pdf,https://www.youtube.com/watch?v=sGRPl1uNXAE&list=PLZ-RvHUYHaE1qpGDeY5A9fRU3UgwBDpSd&index=35,,,https://www.clipnews.gr/coronavirus-report-13-04-2020/
12/04/2020,,,,,https://www.clipnews.gr/coronavirus-report-12-04-2020-2/
11/04/2020,https://eody.gov.gr/wp-content/uploads/2020/04/covid-gr-daily-report-20200411-1.pdf,https://www.youtube.com/watch?v=a9VmDpzUMxk&list=PLZ-RvHUYHaE1qpGDeY5A9fRU3UgwBDpSd&index=36,,,https://www.clipnews.gr/coronavirus-report-11-04-2020/
10/04/2020,https://eody.gov.gr/wp-content/uploads/2020/04/covid-gr-daily-report-20200410-1.pdf,https://www.youtube.com/watch?v=ljJdX7FQxx4&list=PLZ-RvHUYHaE1qpGDeY5A9fRU3UgwBDpSd&index=37,,,https://www.clipnews.gr/coronavirus-report-10-04-2020-2/
09/04/2020,https://eody.gov.gr/wp-content/uploads/2020/04/covid-gr-daily-report-20200409.pdf,https://www.youtube.com/watch?v=hWYEHv4YRbs&list=PLZ-RvHUYHaE1qpGDeY5A9fRU3UgwBDpSd&index=38,,,
08/04/2020,https://eody.gov.gr/wp-content/uploads/2020/04/covid-gr-daily-report-20200408.pdf,https://www.youtube.com/watch?v=yRgnMUiVNrw&list=PLZ-RvHUYHaE1qpGDeY5A9fRU3UgwBDpSd&index=39,,,https://www.clipnews.gr/coronavirus-report-08-04-2020-2/
07/04/2020,https://eody.gov.gr/wp-content/uploads/2020/04/covid-gr-daily-report-20200407.pdf,https://www.youtube.com/watch?v=AEO21l51cWs&list=PLZ-RvHUYHaE1qpGDeY5A9fRU3UgwBDpSd&index=40,,,https://www.clipnews.gr/coronavirus-report-07-04-2020/
06/04/2020,https://eody.gov.gr/wp-content/uploads/2020/04/covid-gr-daily-report-20200406.pdf,https://www.youtube.com/watch?v=UhIdjWAfd3g&list=PLZ-RvHUYHaE1qpGDeY5A9fRU3UgwBDpSd&index=42,,,https://www.clipnews.gr/coronavirus-report-06-04-2020-2/
05/04/2020,https://eody.gov.gr/wp-content/uploads/2020/04/covid-gr-daily-report-20200405.pdf,,,,https://www.clipnews.gr/coronavirus-report-05-04-2020-2/
04/04/2020,https://eody.gov.gr/wp-content/uploads/2020/04/covid-gr-daily-report-20200404.pdf,https://www.youtube.com/watch?v=h1utF5wYDds&list=PLZ-RvHUYHaE1qpGDeY5A9fRU3UgwBDpSd&index=43,,,https://www.clipnews.gr/coronavirus-report-04-04-2020/
03/04/2020,https://eody.gov.gr/wp-content/uploads/2020/04/covid-gr-daily-report-20200403.pdf,https://www.youtube.com/watch?v=acp3e5Mc4JI&list=PLZ-RvHUYHaE1qpGDeY5A9fRU3UgwBDpSd&index=45,,,https://www.clipnews.gr/coronavirus-report-03-04-2020-2/
02/04/2020,,https://www.youtube.com/watch?v=H4AsA7eIwOw&list=PLZ-RvHUYHaE1qpGDeY5A9fRU3UgwBDpSd&index=46,,,https://www.clipnews.gr/coronavirus-report-02-04-2020/
01/04/2020,,https://www.youtube.com/watch?v=l0-lchWE5G8&list=PLZ-RvHUYHaE1qpGDeY5A9fRU3UgwBDpSd&index=47,,,https://www.clipnews.gr/coronavirus-report-01-04-2020-2/
31/03/2020,,https://www.youtube.com/watch?v=fn9mwedqir4&list=PLZ-RvHUYHaE1qpGDeY5A9fRU3UgwBDpSd&index=48,,,https://www.clipnews.gr/coronavirus-report-31-03-2020/
30/03/2020,,https://www.youtube.com/watch?v=0BP11FEibd4&list=PLZ-RvHUYHaE1qpGDeY5A9fRU3UgwBDpSd&index=49,,,https://www.clipnews.gr/coronavirus-report-30-03-2020-2/
29/03/2020,https://eody.gov.gr/wp-content/uploads/2020/03/covid-gr-daily-report-29-03-20.pdf,https://www.youtube.com/watch?v=d-mgr0Ay6jk&list=PLZ-RvHUYHaE1qpGDeY5A9fRU3UgwBDpSd&index=50,,,https://www.clipnews.gr/coronavirus-report-29-03-2020/
28/03/2020,,https://www.youtube.com/watch?v=9FB3w3r-NCw&list=PLZ-RvHUYHaE1qpGDeY5A9fRU3UgwBDpSd&index=51,,,https://www.clipnews.gr/coronavirus-report-28-03-2020-2/
27/03/2020,,https://www.youtube.com/watch?v=iYQ6H-fNBT0&list=PLZ-RvHUYHaE1qpGDeY5A9fRU3UgwBDpSd&index=52,,,https://www.clipnews.gr/coronavirus-report-27-03-2020/
26/03/2020,,https://www.youtube.com/watch?v=tvWpULF1ntY&list=PLZ-RvHUYHaE1qpGDeY5A9fRU3UgwBDpSd&index=53,,,https://www.clipnews.gr/coronavirus-report-26-03-2020-2/
25/03/2020,https://eody.gov.gr/wp-content/uploads/2020/03/covid-gr-daily-report-20200325.pdf,https://www.youtube.com/watch?v=U4jZydM8r10&list=PLZ-RvHUYHaE1qpGDeY5A9fRU3UgwBDpSd&index=54,,,https://www.clipnews.gr/coronavirus-report-25-03-2020/
24/03/2020,https://eody.gov.gr/wp-content/uploads/2020/03/covid-gr-daily-report-20200324.pdf,https://www.youtube.com/watch?v=zQA7-Evi1Jg&list=PLZ-RvHUYHaE1qpGDeY5A9fRU3UgwBDpSd&index=55,,,https://www.clipnews.gr/coronavirus-report-24-03-2020-2/
23/03/2020,https://eody.gov.gr/wp-content/uploads/2020/03/covid-gr-daily-report-20200323.pdf,https://www.youtube.com/watch?v=c_aFD1RaQL0&list=PLZ-RvHUYHaE1qpGDeY5A9fRU3UgwBDpSd&index=56,,,https://www.clipnews.gr/coronavirus-report-23-03-2020-2/
22/03/2020,https://eody.gov.gr/wp-content/uploads/2020/03/covid-gr-daily-report-20200322.pdf,,,,https://www.clipnews.gr/coronavirus-report-22-03-2020/
21/03/2020,https://eody.gov.gr/wp-content/uploads/2020/03/covid-gr-daily-report-20200321.pdf,https://www.youtube.com/watch?v=OJDv0b2n5Ug&list=PLZ-RvHUYHaE1qpGDeY5A9fRU3UgwBDpSd&index=62,,,https://www.clipnews.gr/coronavirus-report-21-03-2020-2/
20/03/2020,https://eody.gov.gr/wp-content/uploads/2020/03/covid-gr-daily-report-20200320.pdf,https://www.youtube.com/watch?v=_4yFmDiEYFM&list=PLZ-RvHUYHaE1qpGDeY5A9fRU3UgwBDpSd&index=58,,,https://www.clipnews.gr/coronavirus-report-20-03-2020/
19/03/2020,,https://www.youtube.com/watch?v=jWH9xfrWWeQ&list=PLZ-RvHUYHaE1qpGDeY5A9fRU3UgwBDpSd&index=61,,,https://www.clipnews.gr/coronavirus-report-by-clip-news-19-03-2020/
18/03/2020,,,,,
17/03/2020,,https://www.youtube.com/watch?v=7eo6ib5-Njc&list=PLZ-RvHUYHaE1qpGDeY5A9fRU3UgwBDpSd&index=60,,,
16/03/2020,,https://www.youtube.com/watch?v=D3v9p-uzngM&list=PLZ-RvHUYHaE1qpGDeY5A9fRU3UgwBDpSd&index=59,,,
