location,date,variant,num_sequences,perc_sequences,num_sequences_total
Greece,2020-05-11,Alpha,0,0.0,8
Greece,2020-05-11,B.1.1.277,0,0.0,8
Greece,2020-05-11,B.1.1.302,0,0.0,8
Greece,2020-05-11,B.1.1.519,0,0.0,8
Greece,2020-05-11,B.1.160,0,0.0,8
Greece,2020-05-11,B.1.177,0,0.0,8
Greece,2020-05-11,B.1.221,0,0.0,8
Greece,2020-05-11,B.1.258,0,0.0,8
Greece,2020-05-11,B.1.367,0,0.0,8
Greece,2020-05-11,B.1.620,0,0.0,8
Greece,2020-05-11,Beta,0,0.0,8
Greece,2020-05-11,Delta,0,0.0,8
Greece,2020-05-11,Epsilon,0,0.0,8
Greece,2020-05-11,Eta,0,0.0,8
Greece,2020-05-11,Gamma,0,0.0,8
Greece,2020-05-11,Iota,0,0.0,8
Greece,2020-05-11,Kappa,0,0.0,8
Greece,2020-05-11,Lambda,0,0.0,8
Greece,2020-05-11,Mu,0,0.0,8
Greece,2020-05-11,Omicron,0,0.0,8
Greece,2020-05-11,S:677H.Robin1,0,0.0,8
Greece,2020-05-11,S:677P.Pelican,0,0.0,8
Greece,2020-05-11,others,8,100.0,8
Greece,2020-05-11,non_who,8,100.0,8
Greece,2020-05-25,Alpha,0,0.0,8
Greece,2020-05-25,B.1.1.277,0,0.0,8
Greece,2020-05-25,B.1.1.302,0,0.0,8
Greece,2020-05-25,B.1.1.519,0,0.0,8
Greece,2020-05-25,B.1.160,0,0.0,8
Greece,2020-05-25,B.1.177,0,0.0,8
Greece,2020-05-25,B.1.221,0,0.0,8
Greece,2020-05-25,B.1.258,0,0.0,8
Greece,2020-05-25,B.1.367,0,0.0,8
Greece,2020-05-25,B.1.620,0,0.0,8
Greece,2020-05-25,Beta,0,0.0,8
Greece,2020-05-25,Delta,0,0.0,8
Greece,2020-05-25,Epsilon,0,0.0,8
Greece,2020-05-25,Eta,0,0.0,8
Greece,2020-05-25,Gamma,0,0.0,8
Greece,2020-05-25,Iota,0,0.0,8
Greece,2020-05-25,Kappa,0,0.0,8
Greece,2020-05-25,Lambda,0,0.0,8
Greece,2020-05-25,Mu,0,0.0,8
Greece,2020-05-25,Omicron,0,0.0,8
Greece,2020-05-25,S:677H.Robin1,0,0.0,8
Greece,2020-05-25,S:677P.Pelican,0,0.0,8
Greece,2020-05-25,others,8,100.0,8
Greece,2020-05-25,non_who,8,100.0,8
Greece,2020-08-03,Alpha,0,0.0,2
Greece,2020-08-03,B.1.1.277,0,0.0,2
Greece,2020-08-03,B.1.1.302,0,0.0,2
Greece,2020-08-03,B.1.1.519,0,0.0,2
Greece,2020-08-03,B.1.160,0,0.0,2
Greece,2020-08-03,B.1.177,0,0.0,2
Greece,2020-08-03,B.1.221,0,0.0,2
Greece,2020-08-03,B.1.258,0,0.0,2
Greece,2020-08-03,B.1.367,0,0.0,2
Greece,2020-08-03,B.1.620,0,0.0,2
Greece,2020-08-03,Beta,0,0.0,2
Greece,2020-08-03,Delta,0,0.0,2
Greece,2020-08-03,Epsilon,0,0.0,2
Greece,2020-08-03,Eta,0,0.0,2
Greece,2020-08-03,Gamma,0,0.0,2
Greece,2020-08-03,Iota,0,0.0,2
Greece,2020-08-03,Kappa,0,0.0,2
Greece,2020-08-03,Lambda,0,0.0,2
Greece,2020-08-03,Mu,0,0.0,2
Greece,2020-08-03,Omicron,0,0.0,2
Greece,2020-08-03,S:677H.Robin1,0,0.0,2
Greece,2020-08-03,S:677P.Pelican,0,0.0,2
Greece,2020-08-03,others,2,100.0,2
Greece,2020-08-03,non_who,2,100.0,2
Greece,2020-08-17,Alpha,0,0.0,15
Greece,2020-08-17,B.1.1.277,0,0.0,15
Greece,2020-08-17,B.1.1.302,0,0.0,15
Greece,2020-08-17,B.1.1.519,0,0.0,15
Greece,2020-08-17,B.1.160,0,0.0,15
Greece,2020-08-17,B.1.177,0,0.0,15
Greece,2020-08-17,B.1.221,0,0.0,15
Greece,2020-08-17,B.1.258,0,0.0,15
Greece,2020-08-17,B.1.367,0,0.0,15
Greece,2020-08-17,B.1.620,0,0.0,15
Greece,2020-08-17,Beta,0,0.0,15
Greece,2020-08-17,Delta,0,0.0,15
Greece,2020-08-17,Epsilon,0,0.0,15
Greece,2020-08-17,Eta,0,0.0,15
Greece,2020-08-17,Gamma,0,0.0,15
Greece,2020-08-17,Iota,0,0.0,15
Greece,2020-08-17,Kappa,0,0.0,15
Greece,2020-08-17,Lambda,0,0.0,15
Greece,2020-08-17,Mu,0,0.0,15
Greece,2020-08-17,Omicron,0,0.0,15
Greece,2020-08-17,S:677H.Robin1,0,0.0,15
Greece,2020-08-17,S:677P.Pelican,0,0.0,15
Greece,2020-08-17,others,15,100.0,15
Greece,2020-08-17,non_who,15,100.0,15
Greece,2020-08-31,Alpha,0,0.0,2
Greece,2020-08-31,B.1.1.277,0,0.0,2
Greece,2020-08-31,B.1.1.302,0,0.0,2
Greece,2020-08-31,B.1.1.519,0,0.0,2
Greece,2020-08-31,B.1.160,0,0.0,2
Greece,2020-08-31,B.1.177,1,50.0,2
Greece,2020-08-31,B.1.221,0,0.0,2
Greece,2020-08-31,B.1.258,0,0.0,2
Greece,2020-08-31,B.1.367,0,0.0,2
Greece,2020-08-31,B.1.620,0,0.0,2
Greece,2020-08-31,Beta,0,0.0,2
Greece,2020-08-31,Delta,0,0.0,2
Greece,2020-08-31,Epsilon,0,0.0,2
Greece,2020-08-31,Eta,0,0.0,2
Greece,2020-08-31,Gamma,0,0.0,2
Greece,2020-08-31,Iota,0,0.0,2
Greece,2020-08-31,Kappa,0,0.0,2
Greece,2020-08-31,Lambda,0,0.0,2
Greece,2020-08-31,Mu,0,0.0,2
Greece,2020-08-31,Omicron,0,0.0,2
Greece,2020-08-31,S:677H.Robin1,0,0.0,2
Greece,2020-08-31,S:677P.Pelican,0,0.0,2
Greece,2020-08-31,others,1,50.0,2
Greece,2020-08-31,non_who,2,100.0,2
Greece,2020-09-14,Alpha,0,0.0,24
Greece,2020-09-14,B.1.1.277,0,0.0,24
Greece,2020-09-14,B.1.1.302,0,0.0,24
Greece,2020-09-14,B.1.1.519,0,0.0,24
Greece,2020-09-14,B.1.160,0,0.0,24
Greece,2020-09-14,B.1.177,5,20.83,24
Greece,2020-09-14,B.1.221,1,4.17,24
Greece,2020-09-14,B.1.258,0,0.0,24
Greece,2020-09-14,B.1.367,1,4.17,24
Greece,2020-09-14,B.1.620,0,0.0,24
Greece,2020-09-14,Beta,0,0.0,24
Greece,2020-09-14,Delta,0,0.0,24
Greece,2020-09-14,Epsilon,0,0.0,24
Greece,2020-09-14,Eta,0,0.0,24
Greece,2020-09-14,Gamma,0,0.0,24
Greece,2020-09-14,Iota,0,0.0,24
Greece,2020-09-14,Kappa,0,0.0,24
Greece,2020-09-14,Lambda,0,0.0,24
Greece,2020-09-14,Mu,0,0.0,24
Greece,2020-09-14,Omicron,0,0.0,24
Greece,2020-09-14,S:677H.Robin1,0,0.0,24
Greece,2020-09-14,S:677P.Pelican,0,0.0,24
Greece,2020-09-14,others,17,70.83,24
Greece,2020-09-14,non_who,24,100.0,24
Greece,2020-09-28,Alpha,0,0.0,40
Greece,2020-09-28,B.1.1.277,0,0.0,40
Greece,2020-09-28,B.1.1.302,0,0.0,40
Greece,2020-09-28,B.1.1.519,0,0.0,40
Greece,2020-09-28,B.1.160,1,2.5,40
Greece,2020-09-28,B.1.177,4,10.0,40
Greece,2020-09-28,B.1.221,0,0.0,40
Greece,2020-09-28,B.1.258,1,2.5,40
Greece,2020-09-28,B.1.367,0,0.0,40
Greece,2020-09-28,B.1.620,0,0.0,40
Greece,2020-09-28,Beta,0,0.0,40
Greece,2020-09-28,Delta,0,0.0,40
Greece,2020-09-28,Epsilon,0,0.0,40
Greece,2020-09-28,Eta,0,0.0,40
Greece,2020-09-28,Gamma,0,0.0,40
Greece,2020-09-28,Iota,0,0.0,40
Greece,2020-09-28,Kappa,0,0.0,40
Greece,2020-09-28,Lambda,0,0.0,40
Greece,2020-09-28,Mu,0,0.0,40
Greece,2020-09-28,Omicron,0,0.0,40
Greece,2020-09-28,S:677H.Robin1,0,0.0,40
Greece,2020-09-28,S:677P.Pelican,0,0.0,40
Greece,2020-09-28,others,34,85.0,40
Greece,2020-09-28,non_who,40,100.0,40
Greece,2020-10-12,Alpha,0,0.0,42
Greece,2020-10-12,B.1.1.277,1,2.38,42
Greece,2020-10-12,B.1.1.302,0,0.0,42
Greece,2020-10-12,B.1.1.519,0,0.0,42
Greece,2020-10-12,B.1.160,1,2.38,42
Greece,2020-10-12,B.1.177,6,14.29,42
Greece,2020-10-12,B.1.221,0,0.0,42
Greece,2020-10-12,B.1.258,1,2.38,42
Greece,2020-10-12,B.1.367,0,0.0,42
Greece,2020-10-12,B.1.620,0,0.0,42
Greece,2020-10-12,Beta,0,0.0,42
Greece,2020-10-12,Delta,0,0.0,42
Greece,2020-10-12,Epsilon,0,0.0,42
Greece,2020-10-12,Eta,0,0.0,42
Greece,2020-10-12,Gamma,0,0.0,42
Greece,2020-10-12,Iota,0,0.0,42
Greece,2020-10-12,Kappa,0,0.0,42
Greece,2020-10-12,Lambda,0,0.0,42
Greece,2020-10-12,Mu,0,0.0,42
Greece,2020-10-12,Omicron,0,0.0,42
Greece,2020-10-12,S:677H.Robin1,0,0.0,42
Greece,2020-10-12,S:677P.Pelican,0,0.0,42
Greece,2020-10-12,others,33,78.57,42
Greece,2020-10-12,non_who,42,100.0,42
Greece,2020-10-26,Alpha,0,0.0,22
Greece,2020-10-26,B.1.1.277,0,0.0,22
Greece,2020-10-26,B.1.1.302,0,0.0,22
Greece,2020-10-26,B.1.1.519,0,0.0,22
Greece,2020-10-26,B.1.160,0,0.0,22
Greece,2020-10-26,B.1.177,1,4.55,22
Greece,2020-10-26,B.1.221,0,0.0,22
Greece,2020-10-26,B.1.258,1,4.55,22
Greece,2020-10-26,B.1.367,0,0.0,22
Greece,2020-10-26,B.1.620,0,0.0,22
Greece,2020-10-26,Beta,0,0.0,22
Greece,2020-10-26,Delta,0,0.0,22
Greece,2020-10-26,Epsilon,0,0.0,22
Greece,2020-10-26,Eta,0,0.0,22
Greece,2020-10-26,Gamma,0,0.0,22
Greece,2020-10-26,Iota,0,0.0,22
Greece,2020-10-26,Kappa,0,0.0,22
Greece,2020-10-26,Lambda,0,0.0,22
Greece,2020-10-26,Mu,0,0.0,22
Greece,2020-10-26,Omicron,0,0.0,22
Greece,2020-10-26,S:677H.Robin1,0,0.0,22
Greece,2020-10-26,S:677P.Pelican,0,0.0,22
Greece,2020-10-26,others,20,90.9,22
Greece,2020-10-26,non_who,22,100.0,22
Greece,2020-11-09,Alpha,0,0.0,207
Greece,2020-11-09,B.1.1.277,2,0.97,207
Greece,2020-11-09,B.1.1.302,0,0.0,207
Greece,2020-11-09,B.1.1.519,0,0.0,207
Greece,2020-11-09,B.1.160,6,2.9,207
Greece,2020-11-09,B.1.177,36,17.39,207
Greece,2020-11-09,B.1.221,6,2.9,207
Greece,2020-11-09,B.1.258,7,3.38,207
Greece,2020-11-09,B.1.367,0,0.0,207
Greece,2020-11-09,B.1.620,0,0.0,207
Greece,2020-11-09,Beta,0,0.0,207
Greece,2020-11-09,Delta,0,0.0,207
Greece,2020-11-09,Epsilon,0,0.0,207
Greece,2020-11-09,Eta,0,0.0,207
Greece,2020-11-09,Gamma,0,0.0,207
Greece,2020-11-09,Iota,0,0.0,207
Greece,2020-11-09,Kappa,0,0.0,207
Greece,2020-11-09,Lambda,0,0.0,207
Greece,2020-11-09,Mu,0,0.0,207
Greece,2020-11-09,Omicron,0,0.0,207
Greece,2020-11-09,S:677H.Robin1,0,0.0,207
Greece,2020-11-09,S:677P.Pelican,0,0.0,207
Greece,2020-11-09,others,150,72.46,207
Greece,2020-11-09,non_who,207,100.0,207
Greece,2020-11-23,Alpha,0,0.0,141
Greece,2020-11-23,B.1.1.277,1,0.71,141
Greece,2020-11-23,B.1.1.302,0,0.0,141
Greece,2020-11-23,B.1.1.519,0,0.0,141
Greece,2020-11-23,B.1.160,4,2.84,141
Greece,2020-11-23,B.1.177,54,38.3,141
Greece,2020-11-23,B.1.221,6,4.26,141
Greece,2020-11-23,B.1.258,27,19.15,141
Greece,2020-11-23,B.1.367,0,0.0,141
Greece,2020-11-23,B.1.620,0,0.0,141
Greece,2020-11-23,Beta,0,0.0,141
Greece,2020-11-23,Delta,0,0.0,141
Greece,2020-11-23,Epsilon,0,0.0,141
Greece,2020-11-23,Eta,0,0.0,141
Greece,2020-11-23,Gamma,0,0.0,141
Greece,2020-11-23,Iota,0,0.0,141
Greece,2020-11-23,Kappa,0,0.0,141
Greece,2020-11-23,Lambda,0,0.0,141
Greece,2020-11-23,Mu,0,0.0,141
Greece,2020-11-23,Omicron,0,0.0,141
Greece,2020-11-23,S:677H.Robin1,0,0.0,141
Greece,2020-11-23,S:677P.Pelican,0,0.0,141
Greece,2020-11-23,others,49,34.74,141
Greece,2020-11-23,non_who,141,100.0,141
Greece,2020-12-07,Alpha,0,0.0,78
Greece,2020-12-07,B.1.1.277,0,0.0,78
Greece,2020-12-07,B.1.1.302,0,0.0,78
Greece,2020-12-07,B.1.1.519,0,0.0,78
Greece,2020-12-07,B.1.160,4,5.13,78
Greece,2020-12-07,B.1.177,17,21.79,78
Greece,2020-12-07,B.1.221,5,6.41,78
Greece,2020-12-07,B.1.258,3,3.85,78
Greece,2020-12-07,B.1.367,0,0.0,78
Greece,2020-12-07,B.1.620,0,0.0,78
Greece,2020-12-07,Beta,0,0.0,78
Greece,2020-12-07,Delta,0,0.0,78
Greece,2020-12-07,Epsilon,0,0.0,78
Greece,2020-12-07,Eta,0,0.0,78
Greece,2020-12-07,Gamma,0,0.0,78
Greece,2020-12-07,Iota,0,0.0,78
Greece,2020-12-07,Kappa,0,0.0,78
Greece,2020-12-07,Lambda,0,0.0,78
Greece,2020-12-07,Mu,0,0.0,78
Greece,2020-12-07,Omicron,0,0.0,78
Greece,2020-12-07,S:677H.Robin1,0,0.0,78
Greece,2020-12-07,S:677P.Pelican,0,0.0,78
Greece,2020-12-07,others,49,62.82,78
Greece,2020-12-07,non_who,78,100.0,78
Greece,2020-12-21,Alpha,10,3.79,264
Greece,2020-12-21,B.1.1.277,0,0.0,264
Greece,2020-12-21,B.1.1.302,0,0.0,264
Greece,2020-12-21,B.1.1.519,0,0.0,264
Greece,2020-12-21,B.1.160,5,1.89,264
Greece,2020-12-21,B.1.177,64,24.24,264
Greece,2020-12-21,B.1.221,35,13.26,264
Greece,2020-12-21,B.1.258,4,1.52,264
Greece,2020-12-21,B.1.367,0,0.0,264
Greece,2020-12-21,B.1.620,0,0.0,264
Greece,2020-12-21,Beta,0,0.0,264
Greece,2020-12-21,Delta,0,0.0,264
Greece,2020-12-21,Epsilon,0,0.0,264
Greece,2020-12-21,Eta,0,0.0,264
Greece,2020-12-21,Gamma,0,0.0,264
Greece,2020-12-21,Iota,0,0.0,264
Greece,2020-12-21,Kappa,0,0.0,264
Greece,2020-12-21,Lambda,0,0.0,264
Greece,2020-12-21,Mu,0,0.0,264
Greece,2020-12-21,Omicron,0,0.0,264
Greece,2020-12-21,S:677H.Robin1,0,0.0,264
Greece,2020-12-21,S:677P.Pelican,0,0.0,264
Greece,2020-12-21,others,146,55.3,264
Greece,2020-12-21,non_who,254,96.21,264
Greece,2021-01-04,Alpha,11,6.4,172
Greece,2021-01-04,B.1.1.277,0,0.0,172
Greece,2021-01-04,B.1.1.302,0,0.0,172
Greece,2021-01-04,B.1.1.519,0,0.0,172
Greece,2021-01-04,B.1.160,0,0.0,172
Greece,2021-01-04,B.1.177,85,49.42,172
Greece,2021-01-04,B.1.221,18,10.47,172
Greece,2021-01-04,B.1.258,11,6.4,172
Greece,2021-01-04,B.1.367,0,0.0,172
Greece,2021-01-04,B.1.620,0,0.0,172
Greece,2021-01-04,Beta,0,0.0,172
Greece,2021-01-04,Delta,0,0.0,172
Greece,2021-01-04,Epsilon,0,0.0,172
Greece,2021-01-04,Eta,0,0.0,172
Greece,2021-01-04,Gamma,0,0.0,172
Greece,2021-01-04,Iota,0,0.0,172
Greece,2021-01-04,Kappa,0,0.0,172
Greece,2021-01-04,Lambda,0,0.0,172
Greece,2021-01-04,Mu,0,0.0,172
Greece,2021-01-04,Omicron,0,0.0,172
Greece,2021-01-04,S:677H.Robin1,0,0.0,172
Greece,2021-01-04,S:677P.Pelican,0,0.0,172
Greece,2021-01-04,others,47,27.31,172
Greece,2021-01-04,non_who,161,93.6,172
Greece,2021-01-11,Alpha,9,18.75,48
Greece,2021-01-11,B.1.1.277,0,0.0,48
Greece,2021-01-11,B.1.1.302,0,0.0,48
Greece,2021-01-11,B.1.1.519,0,0.0,48
Greece,2021-01-11,B.1.160,0,0.0,48
Greece,2021-01-11,B.1.177,12,25.0,48
Greece,2021-01-11,B.1.221,9,18.75,48
Greece,2021-01-11,B.1.258,5,10.42,48
Greece,2021-01-11,B.1.367,0,0.0,48
Greece,2021-01-11,B.1.620,0,0.0,48
Greece,2021-01-11,Beta,0,0.0,48
Greece,2021-01-11,Delta,0,0.0,48
Greece,2021-01-11,Epsilon,0,0.0,48
Greece,2021-01-11,Eta,0,0.0,48
Greece,2021-01-11,Gamma,0,0.0,48
Greece,2021-01-11,Iota,0,0.0,48
Greece,2021-01-11,Kappa,0,0.0,48
Greece,2021-01-11,Lambda,0,0.0,48
Greece,2021-01-11,Mu,0,0.0,48
Greece,2021-01-11,Omicron,0,0.0,48
Greece,2021-01-11,S:677H.Robin1,0,0.0,48
Greece,2021-01-11,S:677P.Pelican,0,0.0,48
Greece,2021-01-11,others,13,27.08,48
Greece,2021-01-11,non_who,39,81.25,48
Greece,2021-01-25,Alpha,47,33.1,142
Greece,2021-01-25,B.1.1.277,0,0.0,142
Greece,2021-01-25,B.1.1.302,0,0.0,142
Greece,2021-01-25,B.1.1.519,0,0.0,142
Greece,2021-01-25,B.1.160,0,0.0,142
Greece,2021-01-25,B.1.177,30,21.13,142
Greece,2021-01-25,B.1.221,17,11.97,142
Greece,2021-01-25,B.1.258,3,2.11,142
Greece,2021-01-25,B.1.367,0,0.0,142
Greece,2021-01-25,B.1.620,0,0.0,142
Greece,2021-01-25,Beta,3,2.11,142
Greece,2021-01-25,Delta,0,0.0,142
Greece,2021-01-25,Epsilon,0,0.0,142
Greece,2021-01-25,Eta,0,0.0,142
Greece,2021-01-25,Gamma,0,0.0,142
Greece,2021-01-25,Iota,0,0.0,142
Greece,2021-01-25,Kappa,0,0.0,142
Greece,2021-01-25,Lambda,0,0.0,142
Greece,2021-01-25,Mu,0,0.0,142
Greece,2021-01-25,Omicron,0,0.0,142
Greece,2021-01-25,S:677H.Robin1,0,0.0,142
Greece,2021-01-25,S:677P.Pelican,0,0.0,142
Greece,2021-01-25,others,42,29.58,142
Greece,2021-01-25,non_who,92,64.79,142
Greece,2021-02-08,Alpha,57,51.35,111
Greece,2021-02-08,B.1.1.277,0,0.0,111
Greece,2021-02-08,B.1.1.302,0,0.0,111
Greece,2021-02-08,B.1.1.519,0,0.0,111
Greece,2021-02-08,B.1.160,0,0.0,111
Greece,2021-02-08,B.1.177,21,18.92,111
Greece,2021-02-08,B.1.221,11,9.91,111
Greece,2021-02-08,B.1.258,1,0.9,111
Greece,2021-02-08,B.1.367,0,0.0,111
Greece,2021-02-08,B.1.620,0,0.0,111
Greece,2021-02-08,Beta,7,6.31,111
Greece,2021-02-08,Delta,0,0.0,111
Greece,2021-02-08,Epsilon,0,0.0,111
Greece,2021-02-08,Eta,0,0.0,111
Greece,2021-02-08,Gamma,0,0.0,111
Greece,2021-02-08,Iota,0,0.0,111
Greece,2021-02-08,Kappa,0,0.0,111
Greece,2021-02-08,Lambda,0,0.0,111
Greece,2021-02-08,Mu,0,0.0,111
Greece,2021-02-08,Omicron,0,0.0,111
Greece,2021-02-08,S:677H.Robin1,0,0.0,111
Greece,2021-02-08,S:677P.Pelican,0,0.0,111
Greece,2021-02-08,others,14,12.61,111
Greece,2021-02-08,non_who,47,42.34,111
Greece,2021-02-22,Alpha,69,48.25,143
Greece,2021-02-22,B.1.1.277,0,0.0,143
Greece,2021-02-22,B.1.1.302,0,0.0,143
Greece,2021-02-22,B.1.1.519,0,0.0,143
Greece,2021-02-22,B.1.160,2,1.4,143
Greece,2021-02-22,B.1.177,48,33.57,143
Greece,2021-02-22,B.1.221,1,0.7,143
Greece,2021-02-22,B.1.258,0,0.0,143
Greece,2021-02-22,B.1.367,0,0.0,143
Greece,2021-02-22,B.1.620,0,0.0,143
Greece,2021-02-22,Beta,4,2.8,143
Greece,2021-02-22,Delta,0,0.0,143
Greece,2021-02-22,Epsilon,0,0.0,143
Greece,2021-02-22,Eta,0,0.0,143
Greece,2021-02-22,Gamma,0,0.0,143
Greece,2021-02-22,Iota,0,0.0,143
Greece,2021-02-22,Kappa,0,0.0,143
Greece,2021-02-22,Lambda,0,0.0,143
Greece,2021-02-22,Mu,0,0.0,143
Greece,2021-02-22,Omicron,0,0.0,143
Greece,2021-02-22,S:677H.Robin1,0,0.0,143
Greece,2021-02-22,S:677P.Pelican,0,0.0,143
Greece,2021-02-22,others,19,13.28,143
Greece,2021-02-22,non_who,70,48.95,143
Greece,2021-03-08,Alpha,988,88.69,1114
Greece,2021-03-08,B.1.1.277,0,0.0,1114
Greece,2021-03-08,B.1.1.302,0,0.0,1114
Greece,2021-03-08,B.1.1.519,0,0.0,1114
Greece,2021-03-08,B.1.160,1,0.09,1114
Greece,2021-03-08,B.1.177,80,7.18,1114
Greece,2021-03-08,B.1.221,12,1.08,1114
Greece,2021-03-08,B.1.258,1,0.09,1114
Greece,2021-03-08,B.1.367,0,0.0,1114
Greece,2021-03-08,B.1.620,0,0.0,1114
Greece,2021-03-08,Beta,4,0.36,1114
Greece,2021-03-08,Delta,0,0.0,1114
Greece,2021-03-08,Epsilon,0,0.0,1114
Greece,2021-03-08,Eta,0,0.0,1114
Greece,2021-03-08,Gamma,0,0.0,1114
Greece,2021-03-08,Iota,0,0.0,1114
Greece,2021-03-08,Kappa,0,0.0,1114
Greece,2021-03-08,Lambda,0,0.0,1114
Greece,2021-03-08,Mu,0,0.0,1114
Greece,2021-03-08,Omicron,0,0.0,1114
Greece,2021-03-08,S:677H.Robin1,0,0.0,1114
Greece,2021-03-08,S:677P.Pelican,0,0.0,1114
Greece,2021-03-08,others,28,2.51,1114
Greece,2021-03-08,non_who,122,10.95,1114
Greece,2021-03-22,Alpha,973,93.56,1040
Greece,2021-03-22,B.1.1.277,0,0.0,1040
Greece,2021-03-22,B.1.1.302,0,0.0,1040
Greece,2021-03-22,B.1.1.519,0,0.0,1040
Greece,2021-03-22,B.1.160,0,0.0,1040
Greece,2021-03-22,B.1.177,40,3.85,1040
Greece,2021-03-22,B.1.221,2,0.19,1040
Greece,2021-03-22,B.1.258,0,0.0,1040
Greece,2021-03-22,B.1.367,0,0.0,1040
Greece,2021-03-22,B.1.620,0,0.0,1040
Greece,2021-03-22,Beta,3,0.29,1040
Greece,2021-03-22,Delta,0,0.0,1040
Greece,2021-03-22,Epsilon,0,0.0,1040
Greece,2021-03-22,Eta,1,0.1,1040
Greece,2021-03-22,Gamma,0,0.0,1040
Greece,2021-03-22,Iota,0,0.0,1040
Greece,2021-03-22,Kappa,0,0.0,1040
Greece,2021-03-22,Lambda,0,0.0,1040
Greece,2021-03-22,Mu,0,0.0,1040
Greece,2021-03-22,Omicron,0,0.0,1040
Greece,2021-03-22,S:677H.Robin1,0,0.0,1040
Greece,2021-03-22,S:677P.Pelican,0,0.0,1040
Greece,2021-03-22,others,21,2.01,1040
Greece,2021-03-22,non_who,63,6.05,1040
Greece,2021-04-05,Alpha,293,86.69,338
Greece,2021-04-05,B.1.1.277,0,0.0,338
Greece,2021-04-05,B.1.1.302,0,0.0,338
Greece,2021-04-05,B.1.1.519,0,0.0,338
Greece,2021-04-05,B.1.160,0,0.0,338
Greece,2021-04-05,B.1.177,10,2.96,338
Greece,2021-04-05,B.1.221,3,0.89,338
Greece,2021-04-05,B.1.258,1,0.3,338
Greece,2021-04-05,B.1.367,0,0.0,338
Greece,2021-04-05,B.1.620,0,0.0,338
Greece,2021-04-05,Beta,6,1.78,338
Greece,2021-04-05,Delta,1,0.3,338
Greece,2021-04-05,Epsilon,0,0.0,338
Greece,2021-04-05,Eta,0,0.0,338
Greece,2021-04-05,Gamma,0,0.0,338
Greece,2021-04-05,Iota,0,0.0,338
Greece,2021-04-05,Kappa,0,0.0,338
Greece,2021-04-05,Lambda,0,0.0,338
Greece,2021-04-05,Mu,0,0.0,338
Greece,2021-04-05,Omicron,0,0.0,338
Greece,2021-04-05,S:677H.Robin1,0,0.0,338
Greece,2021-04-05,S:677P.Pelican,0,0.0,338
Greece,2021-04-05,others,24,7.08,338
Greece,2021-04-05,non_who,38,11.23,338
Greece,2021-04-19,Alpha,538,88.34,609
Greece,2021-04-19,B.1.1.277,0,0.0,609
Greece,2021-04-19,B.1.1.302,0,0.0,609
Greece,2021-04-19,B.1.1.519,0,0.0,609
Greece,2021-04-19,B.1.160,0,0.0,609
Greece,2021-04-19,B.1.177,6,0.99,609
Greece,2021-04-19,B.1.221,1,0.16,609
Greece,2021-04-19,B.1.258,0,0.0,609
Greece,2021-04-19,B.1.367,0,0.0,609
Greece,2021-04-19,B.1.620,0,0.0,609
Greece,2021-04-19,Beta,5,0.82,609
Greece,2021-04-19,Delta,0,0.0,609
Greece,2021-04-19,Epsilon,0,0.0,609
Greece,2021-04-19,Eta,1,0.16,609
Greece,2021-04-19,Gamma,0,0.0,609
Greece,2021-04-19,Iota,0,0.0,609
Greece,2021-04-19,Kappa,1,0.16,609
Greece,2021-04-19,Lambda,0,0.0,609
Greece,2021-04-19,Mu,0,0.0,609
Greece,2021-04-19,Omicron,0,0.0,609
Greece,2021-04-19,S:677H.Robin1,0,0.0,609
Greece,2021-04-19,S:677P.Pelican,0,0.0,609
Greece,2021-04-19,others,57,9.37,609
Greece,2021-04-19,non_who,64,10.52,609
Greece,2021-05-03,Alpha,1014,79.91,1269
Greece,2021-05-03,B.1.1.277,0,0.0,1269
Greece,2021-05-03,B.1.1.302,0,0.0,1269
Greece,2021-05-03,B.1.1.519,0,0.0,1269
Greece,2021-05-03,B.1.160,0,0.0,1269
Greece,2021-05-03,B.1.177,3,0.24,1269
Greece,2021-05-03,B.1.221,1,0.08,1269
Greece,2021-05-03,B.1.258,0,0.0,1269
Greece,2021-05-03,B.1.367,0,0.0,1269
Greece,2021-05-03,B.1.620,0,0.0,1269
Greece,2021-05-03,Beta,5,0.39,1269
Greece,2021-05-03,Delta,8,0.63,1269
Greece,2021-05-03,Epsilon,0,0.0,1269
Greece,2021-05-03,Eta,0,0.0,1269
Greece,2021-05-03,Gamma,0,0.0,1269
Greece,2021-05-03,Iota,0,0.0,1269
Greece,2021-05-03,Kappa,0,0.0,1269
Greece,2021-05-03,Lambda,0,0.0,1269
Greece,2021-05-03,Mu,0,0.0,1269
Greece,2021-05-03,Omicron,0,0.0,1269
Greece,2021-05-03,S:677H.Robin1,0,0.0,1269
Greece,2021-05-03,S:677P.Pelican,0,0.0,1269
Greece,2021-05-03,others,238,18.75,1269
Greece,2021-05-03,non_who,242,19.07,1269
Greece,2021-05-17,Alpha,1010,80.48,1255
Greece,2021-05-17,B.1.1.277,0,0.0,1255
Greece,2021-05-17,B.1.1.302,0,0.0,1255
Greece,2021-05-17,B.1.1.519,0,0.0,1255
Greece,2021-05-17,B.1.160,0,0.0,1255
Greece,2021-05-17,B.1.177,1,0.08,1255
Greece,2021-05-17,B.1.221,0,0.0,1255
Greece,2021-05-17,B.1.258,0,0.0,1255
Greece,2021-05-17,B.1.367,0,0.0,1255
Greece,2021-05-17,B.1.620,0,0.0,1255
Greece,2021-05-17,Beta,6,0.48,1255
Greece,2021-05-17,Delta,1,0.08,1255
Greece,2021-05-17,Epsilon,0,0.0,1255
Greece,2021-05-17,Eta,0,0.0,1255
Greece,2021-05-17,Gamma,1,0.08,1255
Greece,2021-05-17,Iota,0,0.0,1255
Greece,2021-05-17,Kappa,0,0.0,1255
Greece,2021-05-17,Lambda,0,0.0,1255
Greece,2021-05-17,Mu,0,0.0,1255
Greece,2021-05-17,Omicron,0,0.0,1255
Greece,2021-05-17,S:677H.Robin1,0,0.0,1255
Greece,2021-05-17,S:677P.Pelican,0,0.0,1255
Greece,2021-05-17,others,236,18.8,1255
Greece,2021-05-17,non_who,237,18.88,1255
Greece,2021-05-31,Alpha,421,74.91,562
Greece,2021-05-31,B.1.1.277,0,0.0,562
Greece,2021-05-31,B.1.1.302,0,0.0,562
Greece,2021-05-31,B.1.1.519,0,0.0,562
Greece,2021-05-31,B.1.160,0,0.0,562
Greece,2021-05-31,B.1.177,0,0.0,562
Greece,2021-05-31,B.1.221,0,0.0,562
Greece,2021-05-31,B.1.258,0,0.0,562
Greece,2021-05-31,B.1.367,0,0.0,562
Greece,2021-05-31,B.1.620,0,0.0,562
Greece,2021-05-31,Beta,1,0.18,562
Greece,2021-05-31,Delta,0,0.0,562
Greece,2021-05-31,Epsilon,0,0.0,562
Greece,2021-05-31,Eta,0,0.0,562
Greece,2021-05-31,Gamma,0,0.0,562
Greece,2021-05-31,Iota,0,0.0,562
Greece,2021-05-31,Kappa,0,0.0,562
Greece,2021-05-31,Lambda,0,0.0,562
Greece,2021-05-31,Mu,0,0.0,562
Greece,2021-05-31,Omicron,0,0.0,562
Greece,2021-05-31,S:677H.Robin1,0,0.0,562
Greece,2021-05-31,S:677P.Pelican,0,0.0,562
Greece,2021-05-31,others,140,24.91,562
Greece,2021-05-31,non_who,140,24.91,562
Greece,2021-06-14,Alpha,51,27.87,183
Greece,2021-06-14,B.1.1.277,0,0.0,183
Greece,2021-06-14,B.1.1.302,0,0.0,183
Greece,2021-06-14,B.1.1.519,0,0.0,183
Greece,2021-06-14,B.1.160,0,0.0,183
Greece,2021-06-14,B.1.177,0,0.0,183
Greece,2021-06-14,B.1.221,0,0.0,183
Greece,2021-06-14,B.1.258,0,0.0,183
Greece,2021-06-14,B.1.367,0,0.0,183
Greece,2021-06-14,B.1.620,0,0.0,183
Greece,2021-06-14,Beta,2,1.09,183
Greece,2021-06-14,Delta,1,0.55,183
Greece,2021-06-14,Epsilon,0,0.0,183
Greece,2021-06-14,Eta,0,0.0,183
Greece,2021-06-14,Gamma,0,0.0,183
Greece,2021-06-14,Iota,0,0.0,183
Greece,2021-06-14,Kappa,0,0.0,183
Greece,2021-06-14,Lambda,0,0.0,183
Greece,2021-06-14,Mu,0,0.0,183
Greece,2021-06-14,Omicron,0,0.0,183
Greece,2021-06-14,S:677H.Robin1,0,0.0,183
Greece,2021-06-14,S:677P.Pelican,0,0.0,183
Greece,2021-06-14,others,129,70.49,183
Greece,2021-06-14,non_who,129,70.49,183
Greece,2021-06-28,Alpha,38,45.24,84
Greece,2021-06-28,B.1.1.277,0,0.0,84
Greece,2021-06-28,B.1.1.302,0,0.0,84
Greece,2021-06-28,B.1.1.519,0,0.0,84
Greece,2021-06-28,B.1.160,0,0.0,84
Greece,2021-06-28,B.1.177,0,0.0,84
Greece,2021-06-28,B.1.221,0,0.0,84
Greece,2021-06-28,B.1.258,0,0.0,84
Greece,2021-06-28,B.1.367,0,0.0,84
Greece,2021-06-28,B.1.620,0,0.0,84
Greece,2021-06-28,Beta,0,0.0,84
Greece,2021-06-28,Delta,6,7.14,84
Greece,2021-06-28,Epsilon,0,0.0,84
Greece,2021-06-28,Eta,0,0.0,84
Greece,2021-06-28,Gamma,0,0.0,84
Greece,2021-06-28,Iota,0,0.0,84
Greece,2021-06-28,Kappa,0,0.0,84
Greece,2021-06-28,Lambda,0,0.0,84
Greece,2021-06-28,Mu,0,0.0,84
Greece,2021-06-28,Omicron,0,0.0,84
Greece,2021-06-28,S:677H.Robin1,0,0.0,84
Greece,2021-06-28,S:677P.Pelican,0,0.0,84
Greece,2021-06-28,others,40,47.62,84
Greece,2021-06-28,non_who,40,47.62,84
Greece,2021-07-12,Alpha,111,37.5,296
Greece,2021-07-12,B.1.1.277,0,0.0,296
Greece,2021-07-12,B.1.1.302,0,0.0,296
Greece,2021-07-12,B.1.1.519,0,0.0,296
Greece,2021-07-12,B.1.160,0,0.0,296
Greece,2021-07-12,B.1.177,0,0.0,296
Greece,2021-07-12,B.1.221,0,0.0,296
Greece,2021-07-12,B.1.258,0,0.0,296
Greece,2021-07-12,B.1.367,0,0.0,296
Greece,2021-07-12,B.1.620,0,0.0,296
Greece,2021-07-12,Beta,12,4.05,296
Greece,2021-07-12,Delta,160,54.05,296
Greece,2021-07-12,Epsilon,0,0.0,296
Greece,2021-07-12,Eta,0,0.0,296
Greece,2021-07-12,Gamma,0,0.0,296
Greece,2021-07-12,Iota,0,0.0,296
Greece,2021-07-12,Kappa,0,0.0,296
Greece,2021-07-12,Lambda,0,0.0,296
Greece,2021-07-12,Mu,0,0.0,296
Greece,2021-07-12,Omicron,0,0.0,296
Greece,2021-07-12,S:677H.Robin1,0,0.0,296
Greece,2021-07-12,S:677P.Pelican,0,0.0,296
Greece,2021-07-12,others,13,4.4,296
Greece,2021-07-12,non_who,13,4.4,296
Greece,2021-07-26,Alpha,7,1.98,354
Greece,2021-07-26,B.1.1.277,0,0.0,354
Greece,2021-07-26,B.1.1.302,0,0.0,354
Greece,2021-07-26,B.1.1.519,0,0.0,354
Greece,2021-07-26,B.1.160,0,0.0,354
Greece,2021-07-26,B.1.177,0,0.0,354
Greece,2021-07-26,B.1.221,0,0.0,354
Greece,2021-07-26,B.1.258,0,0.0,354
Greece,2021-07-26,B.1.367,0,0.0,354
Greece,2021-07-26,B.1.620,0,0.0,354
Greece,2021-07-26,Beta,1,0.28,354
Greece,2021-07-26,Delta,343,96.89,354
Greece,2021-07-26,Epsilon,0,0.0,354
Greece,2021-07-26,Eta,0,0.0,354
Greece,2021-07-26,Gamma,0,0.0,354
Greece,2021-07-26,Iota,0,0.0,354
Greece,2021-07-26,Kappa,0,0.0,354
Greece,2021-07-26,Lambda,0,0.0,354
Greece,2021-07-26,Mu,0,0.0,354
Greece,2021-07-26,Omicron,0,0.0,354
Greece,2021-07-26,S:677H.Robin1,0,0.0,354
Greece,2021-07-26,S:677P.Pelican,0,0.0,354
Greece,2021-07-26,others,3,0.85,354
Greece,2021-07-26,non_who,3,0.85,354
Greece,2021-08-09,Alpha,15,6.88,218
Greece,2021-08-09,B.1.1.277,0,0.0,218
Greece,2021-08-09,B.1.1.302,0,0.0,218
Greece,2021-08-09,B.1.1.519,0,0.0,218
Greece,2021-08-09,B.1.160,0,0.0,218
Greece,2021-08-09,B.1.177,0,0.0,218
Greece,2021-08-09,B.1.221,0,0.0,218
Greece,2021-08-09,B.1.258,0,0.0,218
Greece,2021-08-09,B.1.367,0,0.0,218
Greece,2021-08-09,B.1.620,0,0.0,218
Greece,2021-08-09,Beta,0,0.0,218
Greece,2021-08-09,Delta,200,91.74,218
Greece,2021-08-09,Epsilon,0,0.0,218
Greece,2021-08-09,Eta,0,0.0,218
Greece,2021-08-09,Gamma,0,0.0,218
Greece,2021-08-09,Iota,0,0.0,218
Greece,2021-08-09,Kappa,0,0.0,218
Greece,2021-08-09,Lambda,0,0.0,218
Greece,2021-08-09,Mu,0,0.0,218
Greece,2021-08-09,Omicron,0,0.0,218
Greece,2021-08-09,S:677H.Robin1,0,0.0,218
Greece,2021-08-09,S:677P.Pelican,0,0.0,218
Greece,2021-08-09,others,3,1.38,218
Greece,2021-08-09,non_who,3,1.38,218
Greece,2021-08-23,Alpha,6,3.43,175
Greece,2021-08-23,B.1.1.277,0,0.0,175
Greece,2021-08-23,B.1.1.302,0,0.0,175
Greece,2021-08-23,B.1.1.519,0,0.0,175
Greece,2021-08-23,B.1.160,0,0.0,175
Greece,2021-08-23,B.1.177,0,0.0,175
Greece,2021-08-23,B.1.221,0,0.0,175
Greece,2021-08-23,B.1.258,0,0.0,175
Greece,2021-08-23,B.1.367,0,0.0,175
Greece,2021-08-23,B.1.620,0,0.0,175
Greece,2021-08-23,Beta,0,0.0,175
Greece,2021-08-23,Delta,169,96.57,175
Greece,2021-08-23,Epsilon,0,0.0,175
Greece,2021-08-23,Eta,0,0.0,175
Greece,2021-08-23,Gamma,0,0.0,175
Greece,2021-08-23,Iota,0,0.0,175
Greece,2021-08-23,Kappa,0,0.0,175
Greece,2021-08-23,Lambda,0,0.0,175
Greece,2021-08-23,Mu,0,0.0,175
Greece,2021-08-23,Omicron,0,0.0,175
Greece,2021-08-23,S:677H.Robin1,0,0.0,175
Greece,2021-08-23,S:677P.Pelican,0,0.0,175
Greece,2021-08-23,others,0,0.0,175
Greece,2021-08-23,non_who,0,0.0,175
Greece,2021-09-06,Alpha,1,0.29,347
Greece,2021-09-06,B.1.1.277,0,0.0,347
Greece,2021-09-06,B.1.1.302,0,0.0,347
Greece,2021-09-06,B.1.1.519,0,0.0,347
Greece,2021-09-06,B.1.160,0,0.0,347
Greece,2021-09-06,B.1.177,0,0.0,347
Greece,2021-09-06,B.1.221,0,0.0,347
Greece,2021-09-06,B.1.258,0,0.0,347
Greece,2021-09-06,B.1.367,0,0.0,347
Greece,2021-09-06,B.1.620,0,0.0,347
Greece,2021-09-06,Beta,0,0.0,347
Greece,2021-09-06,Delta,346,99.71,347
Greece,2021-09-06,Epsilon,0,0.0,347
Greece,2021-09-06,Eta,0,0.0,347
Greece,2021-09-06,Gamma,0,0.0,347
Greece,2021-09-06,Iota,0,0.0,347
Greece,2021-09-06,Kappa,0,0.0,347
Greece,2021-09-06,Lambda,0,0.0,347
Greece,2021-09-06,Mu,0,0.0,347
Greece,2021-09-06,Omicron,0,0.0,347
Greece,2021-09-06,S:677H.Robin1,0,0.0,347
Greece,2021-09-06,S:677P.Pelican,0,0.0,347
Greece,2021-09-06,others,0,0.0,347
Greece,2021-09-06,non_who,0,0.0,347
Greece,2021-09-20,Alpha,0,0.0,649
Greece,2021-09-20,B.1.1.277,0,0.0,649
Greece,2021-09-20,B.1.1.302,0,0.0,649
Greece,2021-09-20,B.1.1.519,0,0.0,649
Greece,2021-09-20,B.1.160,0,0.0,649
Greece,2021-09-20,B.1.177,0,0.0,649
Greece,2021-09-20,B.1.221,0,0.0,649
Greece,2021-09-20,B.1.258,0,0.0,649
Greece,2021-09-20,B.1.367,0,0.0,649
Greece,2021-09-20,B.1.620,0,0.0,649
Greece,2021-09-20,Beta,0,0.0,649
Greece,2021-09-20,Delta,649,100.0,649
Greece,2021-09-20,Epsilon,0,0.0,649
Greece,2021-09-20,Eta,0,0.0,649
Greece,2021-09-20,Gamma,0,0.0,649
Greece,2021-09-20,Iota,0,0.0,649
Greece,2021-09-20,Kappa,0,0.0,649
Greece,2021-09-20,Lambda,0,0.0,649
Greece,2021-09-20,Mu,0,0.0,649
Greece,2021-09-20,Omicron,0,0.0,649
Greece,2021-09-20,S:677H.Robin1,0,0.0,649
Greece,2021-09-20,S:677P.Pelican,0,0.0,649
Greece,2021-09-20,others,0,0.0,649
Greece,2021-09-20,non_who,0,0.0,649
Greece,2021-10-04,Alpha,0,0.0,321
Greece,2021-10-04,B.1.1.277,0,0.0,321
Greece,2021-10-04,B.1.1.302,0,0.0,321
Greece,2021-10-04,B.1.1.519,0,0.0,321
Greece,2021-10-04,B.1.160,0,0.0,321
Greece,2021-10-04,B.1.177,0,0.0,321
Greece,2021-10-04,B.1.221,0,0.0,321
Greece,2021-10-04,B.1.258,0,0.0,321
Greece,2021-10-04,B.1.367,0,0.0,321
Greece,2021-10-04,B.1.620,0,0.0,321
Greece,2021-10-04,Beta,0,0.0,321
Greece,2021-10-04,Delta,321,100.0,321
Greece,2021-10-04,Epsilon,0,0.0,321
Greece,2021-10-04,Eta,0,0.0,321
Greece,2021-10-04,Gamma,0,0.0,321
Greece,2021-10-04,Iota,0,0.0,321
Greece,2021-10-04,Kappa,0,0.0,321
Greece,2021-10-04,Lambda,0,0.0,321
Greece,2021-10-04,Mu,0,0.0,321
Greece,2021-10-04,Omicron,0,0.0,321
Greece,2021-10-04,S:677H.Robin1,0,0.0,321
Greece,2021-10-04,S:677P.Pelican,0,0.0,321
Greece,2021-10-04,others,0,0.0,321
Greece,2021-10-04,non_who,0,0.0,321
Greece,2021-10-18,Alpha,0,0.0,12
Greece,2021-10-18,B.1.1.277,0,0.0,12
Greece,2021-10-18,B.1.1.302,0,0.0,12
Greece,2021-10-18,B.1.1.519,0,0.0,12
Greece,2021-10-18,B.1.160,0,0.0,12
Greece,2021-10-18,B.1.177,0,0.0,12
Greece,2021-10-18,B.1.221,0,0.0,12
Greece,2021-10-18,B.1.258,0,0.0,12
Greece,2021-10-18,B.1.367,0,0.0,12
Greece,2021-10-18,B.1.620,0,0.0,12
Greece,2021-10-18,Beta,0,0.0,12
Greece,2021-10-18,Delta,12,100.0,12
Greece,2021-10-18,Epsilon,0,0.0,12
Greece,2021-10-18,Eta,0,0.0,12
Greece,2021-10-18,Gamma,0,0.0,12
Greece,2021-10-18,Iota,0,0.0,12
Greece,2021-10-18,Kappa,0,0.0,12
Greece,2021-10-18,Lambda,0,0.0,12
Greece,2021-10-18,Mu,0,0.0,12
Greece,2021-10-18,Omicron,0,0.0,12
Greece,2021-10-18,S:677H.Robin1,0,0.0,12
Greece,2021-10-18,S:677P.Pelican,0,0.0,12
Greece,2021-10-18,others,0,0.0,12
Greece,2021-10-18,non_who,0,0.0,12
Greece,2021-11-01,Alpha,0,0.0,155
Greece,2021-11-01,B.1.1.277,0,0.0,155
Greece,2021-11-01,B.1.1.302,0,0.0,155
Greece,2021-11-01,B.1.1.519,0,0.0,155
Greece,2021-11-01,B.1.160,0,0.0,155
Greece,2021-11-01,B.1.177,0,0.0,155
Greece,2021-11-01,B.1.221,0,0.0,155
Greece,2021-11-01,B.1.258,0,0.0,155
Greece,2021-11-01,B.1.367,0,0.0,155
Greece,2021-11-01,B.1.620,0,0.0,155
Greece,2021-11-01,Beta,0,0.0,155
Greece,2021-11-01,Delta,155,100.0,155
Greece,2021-11-01,Epsilon,0,0.0,155
Greece,2021-11-01,Eta,0,0.0,155
Greece,2021-11-01,Gamma,0,0.0,155
Greece,2021-11-01,Iota,0,0.0,155
Greece,2021-11-01,Kappa,0,0.0,155
Greece,2021-11-01,Lambda,0,0.0,155
Greece,2021-11-01,Mu,0,0.0,155
Greece,2021-11-01,Omicron,0,0.0,155
Greece,2021-11-01,S:677H.Robin1,0,0.0,155
Greece,2021-11-01,S:677P.Pelican,0,0.0,155
Greece,2021-11-01,others,0,0.0,155
Greece,2021-11-01,non_who,0,0.0,155
Greece,2021-11-15,Alpha,0,0.0,586
Greece,2021-11-15,B.1.1.277,0,0.0,586
Greece,2021-11-15,B.1.1.302,0,0.0,586
Greece,2021-11-15,B.1.1.519,0,0.0,586
Greece,2021-11-15,B.1.160,0,0.0,586
Greece,2021-11-15,B.1.177,0,0.0,586
Greece,2021-11-15,B.1.221,0,0.0,586
Greece,2021-11-15,B.1.258,0,0.0,586
Greece,2021-11-15,B.1.367,0,0.0,586
Greece,2021-11-15,B.1.620,0,0.0,586
Greece,2021-11-15,Beta,0,0.0,586
Greece,2021-11-15,Delta,586,100.0,586
Greece,2021-11-15,Epsilon,0,0.0,586
Greece,2021-11-15,Eta,0,0.0,586
Greece,2021-11-15,Gamma,0,0.0,586
Greece,2021-11-15,Iota,0,0.0,586
Greece,2021-11-15,Kappa,0,0.0,586
Greece,2021-11-15,Lambda,0,0.0,586
Greece,2021-11-15,Mu,0,0.0,586
Greece,2021-11-15,Omicron,0,0.0,586
Greece,2021-11-15,S:677H.Robin1,0,0.0,586
Greece,2021-11-15,S:677P.Pelican,0,0.0,586
Greece,2021-11-15,others,0,0.0,586
Greece,2021-11-15,non_who,0,0.0,586
Greece,2021-11-29,Alpha,0,0.0,558
Greece,2021-11-29,B.1.1.277,0,0.0,558
Greece,2021-11-29,B.1.1.302,0,0.0,558
Greece,2021-11-29,B.1.1.519,0,0.0,558
Greece,2021-11-29,B.1.160,0,0.0,558
Greece,2021-11-29,B.1.177,0,0.0,558
Greece,2021-11-29,B.1.221,0,0.0,558
Greece,2021-11-29,B.1.258,0,0.0,558
Greece,2021-11-29,B.1.367,0,0.0,558
Greece,2021-11-29,B.1.620,0,0.0,558
Greece,2021-11-29,Beta,0,0.0,558
Greece,2021-11-29,Delta,558,100.0,558
Greece,2021-11-29,Epsilon,0,0.0,558
Greece,2021-11-29,Eta,0,0.0,558
Greece,2021-11-29,Gamma,0,0.0,558
Greece,2021-11-29,Iota,0,0.0,558
Greece,2021-11-29,Kappa,0,0.0,558
Greece,2021-11-29,Lambda,0,0.0,558
Greece,2021-11-29,Mu,0,0.0,558
Greece,2021-11-29,Omicron,0,0.0,558
Greece,2021-11-29,S:677H.Robin1,0,0.0,558
Greece,2021-11-29,S:677P.Pelican,0,0.0,558
Greece,2021-11-29,others,0,0.0,558
Greece,2021-11-29,non_who,0,0.0,558
Greece,2021-12-13,Alpha,0,0.0,610
Greece,2021-12-13,B.1.1.277,0,0.0,610
Greece,2021-12-13,B.1.1.302,0,0.0,610
Greece,2021-12-13,B.1.1.519,0,0.0,610
Greece,2021-12-13,B.1.160,0,0.0,610
Greece,2021-12-13,B.1.177,0,0.0,610
Greece,2021-12-13,B.1.221,0,0.0,610
Greece,2021-12-13,B.1.258,0,0.0,610
Greece,2021-12-13,B.1.367,0,0.0,610
Greece,2021-12-13,B.1.620,0,0.0,610
Greece,2021-12-13,Beta,0,0.0,610
Greece,2021-12-13,Delta,608,99.67,610
Greece,2021-12-13,Epsilon,0,0.0,610
Greece,2021-12-13,Eta,0,0.0,610
Greece,2021-12-13,Gamma,0,0.0,610
Greece,2021-12-13,Iota,0,0.0,610
Greece,2021-12-13,Kappa,0,0.0,610
Greece,2021-12-13,Lambda,0,0.0,610
Greece,2021-12-13,Mu,0,0.0,610
Greece,2021-12-13,Omicron,2,0.33,610
Greece,2021-12-13,S:677H.Robin1,0,0.0,610
Greece,2021-12-13,S:677P.Pelican,0,0.0,610
Greece,2021-12-13,others,0,0.0,610
Greece,2021-12-13,non_who,0,0.0,610
